"family_id","gf2_rank","nullity","full_rank","reachable_states_log2","reachable_states","solutions_per_reachable_log2","solutions_per_reachable","distinct_move_rows","distinct_move_columns"
1,20,5,FALSE,20,1048576,5,32,25,25
2,20,5,FALSE,20,1048576,5,32,25,25
3,20,5,FALSE,20,1048576,5,32,25,25
4,20,5,FALSE,20,1048576,5,32,25,25
5,20,5,FALSE,20,1048576,5,32,25,25
6,25,0,TRUE,25,33554432,0,1,25,25
7,25,0,TRUE,25,33554432,0,1,25,25
8,25,0,TRUE,25,33554432,0,1,25,25
9,25,0,TRUE,25,33554432,0,1,25,25
10,25,0,TRUE,25,33554432,0,1,25,25
11,25,0,TRUE,25,33554432,0,1,25,25
12,25,0,TRUE,25,33554432,0,1,25,25
13,25,0,TRUE,25,33554432,0,1,25,25
14,25,0,TRUE,25,33554432,0,1,25,25
15,25,0,TRUE,25,33554432,0,1,25,25
16,25,0,TRUE,25,33554432,0,1,25,25
17,25,0,TRUE,25,33554432,0,1,25,25
18,25,0,TRUE,25,33554432,0,1,25,25
19,25,0,TRUE,25,33554432,0,1,25,25
20,25,0,TRUE,25,33554432,0,1,25,25
21,25,0,TRUE,25,33554432,0,1,25,25
22,25,0,TRUE,25,33554432,0,1,25,25
23,25,0,TRUE,25,33554432,0,1,25,25
24,25,0,TRUE,25,33554432,0,1,25,25
25,25,0,TRUE,25,33554432,0,1,25,25
26,25,0,TRUE,25,33554432,0,1,25,25
27,25,0,TRUE,25,33554432,0,1,25,25
28,25,0,TRUE,25,33554432,0,1,25,25
29,25,0,TRUE,25,33554432,0,1,25,25
30,25,0,TRUE,25,33554432,0,1,25,25
31,25,0,TRUE,25,33554432,0,1,25,25
32,25,0,TRUE,25,33554432,0,1,25,25
33,25,0,TRUE,25,33554432,0,1,25,25
34,25,0,TRUE,25,33554432,0,1,25,25
35,25,0,TRUE,25,33554432,0,1,25,25
36,25,0,TRUE,25,33554432,0,1,25,25
37,25,0,TRUE,25,33554432,0,1,25,25
38,25,0,TRUE,25,33554432,0,1,25,25
39,25,0,TRUE,25,33554432,0,1,25,25
40,25,0,TRUE,25,33554432,0,1,25,25
41,25,0,TRUE,25,33554432,0,1,25,25
42,25,0,TRUE,25,33554432,0,1,25,25
43,25,0,TRUE,25,33554432,0,1,25,25
44,25,0,TRUE,25,33554432,0,1,25,25
45,25,0,TRUE,25,33554432,0,1,25,25
46,25,0,TRUE,25,33554432,0,1,25,25
47,25,0,TRUE,25,33554432,0,1,25,25
48,25,0,TRUE,25,33554432,0,1,25,25
49,25,0,TRUE,25,33554432,0,1,25,25
50,24,1,FALSE,24,16777216,1,2,25,25
51,24,1,FALSE,24,16777216,1,2,25,25
52,24,1,FALSE,24,16777216,1,2,25,25
53,24,1,FALSE,24,16777216,1,2,25,25
54,24,1,FALSE,24,16777216,1,2,25,25
55,20,5,FALSE,20,1048576,5,32,25,25
56,20,5,FALSE,20,1048576,5,32,25,25
57,24,1,FALSE,24,16777216,1,2,25,25
58,20,5,FALSE,20,1048576,5,32,25,25
59,16,9,FALSE,16,65536,9,512,25,25
60,16,9,FALSE,16,65536,9,512,25,25
61,20,5,FALSE,20,1048576,5,32,25,25
62,24,1,FALSE,24,16777216,1,2,25,25
63,24,1,FALSE,24,16777216,1,2,25,25
64,24,1,FALSE,24,16777216,1,2,25,25
65,24,1,FALSE,24,16777216,1,2,25,25
66,16,9,FALSE,16,65536,9,512,25,25
67,20,5,FALSE,20,1048576,5,32,25,25
68,24,1,FALSE,24,16777216,1,2,25,25
69,20,5,FALSE,20,1048576,5,32,25,25
70,24,1,FALSE,24,16777216,1,2,25,25
71,24,1,FALSE,24,16777216,1,2,25,25
72,24,1,FALSE,24,16777216,1,2,25,25
73,24,1,FALSE,24,16777216,1,2,25,25
74,24,1,FALSE,24,16777216,1,2,25,25
75,24,1,FALSE,24,16777216,1,2,25,25
76,20,5,FALSE,20,1048576,5,32,25,25
77,24,1,FALSE,24,16777216,1,2,25,25
78,16,9,FALSE,16,65536,9,512,25,25
79,20,5,FALSE,20,1048576,5,32,25,25
80,20,5,FALSE,20,1048576,5,32,25,25
81,16,9,FALSE,16,65536,9,512,25,25
82,16,9,FALSE,16,65536,9,512,25,25
83,24,1,FALSE,24,16777216,1,2,25,25
84,24,1,FALSE,24,16777216,1,2,25,25
85,24,1,FALSE,24,16777216,1,2,25,25
86,24,1,FALSE,24,16777216,1,2,25,25
87,20,5,FALSE,20,1048576,5,32,25,25
88,20,5,FALSE,20,1048576,5,32,25,25
89,24,1,FALSE,24,16777216,1,2,25,25
90,24,1,FALSE,24,16777216,1,2,25,25
91,24,1,FALSE,24,16777216,1,2,25,25
92,24,1,FALSE,24,16777216,1,2,25,25
93,20,5,FALSE,20,1048576,5,32,25,25
94,24,1,FALSE,24,16777216,1,2,25,25
95,20,5,FALSE,20,1048576,5,32,25,25
96,20,5,FALSE,20,1048576,5,32,25,25
97,20,5,FALSE,20,1048576,5,32,25,25
98,16,9,FALSE,16,65536,9,512,25,25
99,24,1,FALSE,24,16777216,1,2,25,25
100,16,9,FALSE,16,65536,9,512,25,25
101,24,1,FALSE,24,16777216,1,2,25,25
102,24,1,FALSE,24,16777216,1,2,25,25
103,24,1,FALSE,24,16777216,1,2,25,25
104,24,1,FALSE,24,16777216,1,2,25,25
105,24,1,FALSE,24,16777216,1,2,25,25
106,20,5,FALSE,20,1048576,5,32,25,25
107,20,5,FALSE,20,1048576,5,32,25,25
108,24,1,FALSE,24,16777216,1,2,25,25
109,24,1,FALSE,24,16777216,1,2,25,25
110,24,1,FALSE,24,16777216,1,2,25,25
111,16,9,FALSE,16,65536,9,512,25,25
112,24,1,FALSE,24,16777216,1,2,25,25
113,16,9,FALSE,16,65536,9,512,25,25
114,24,1,FALSE,24,16777216,1,2,25,25
115,20,5,FALSE,20,1048576,5,32,25,25
116,24,1,FALSE,24,16777216,1,2,25,25
117,24,1,FALSE,24,16777216,1,2,25,25
118,24,1,FALSE,24,16777216,1,2,25,25
119,24,1,FALSE,24,16777216,1,2,25,25
120,24,1,FALSE,24,16777216,1,2,25,25
121,24,1,FALSE,24,16777216,1,2,25,25
122,20,5,FALSE,20,1048576,5,32,25,25
123,24,1,FALSE,24,16777216,1,2,25,25
124,20,5,FALSE,20,1048576,5,32,25,25
125,24,1,FALSE,24,16777216,1,2,25,25
126,24,1,FALSE,24,16777216,1,2,25,25
127,24,1,FALSE,24,16777216,1,2,25,25
128,20,5,FALSE,20,1048576,5,32,25,25
129,24,1,FALSE,24,16777216,1,2,25,25
130,24,1,FALSE,24,16777216,1,2,25,25
131,24,1,FALSE,24,16777216,1,2,25,25
132,24,1,FALSE,24,16777216,1,2,25,25
133,16,9,FALSE,16,65536,9,512,25,25
134,20,5,FALSE,20,1048576,5,32,25,25
135,24,1,FALSE,24,16777216,1,2,25,25
136,24,1,FALSE,24,16777216,1,2,25,25
137,24,1,FALSE,24,16777216,1,2,25,25
138,16,9,FALSE,16,65536,9,512,25,25
139,20,5,FALSE,20,1048576,5,32,25,25
140,20,5,FALSE,20,1048576,5,32,25,25
141,24,1,FALSE,24,16777216,1,2,25,25
142,20,5,FALSE,20,1048576,5,32,25,25
143,24,1,FALSE,24,16777216,1,2,25,25
144,24,1,FALSE,24,16777216,1,2,25,25
145,16,9,FALSE,16,65536,9,512,25,25
146,24,1,FALSE,24,16777216,1,2,25,25
147,20,5,FALSE,20,1048576,5,32,25,25
148,24,1,FALSE,24,16777216,1,2,25,25
149,24,1,FALSE,24,16777216,1,2,25,25
150,24,1,FALSE,24,16777216,1,2,25,25
151,24,1,FALSE,24,16777216,1,2,25,25
152,24,1,FALSE,24,16777216,1,2,25,25
153,20,5,FALSE,20,1048576,5,32,25,25
154,24,1,FALSE,24,16777216,1,2,25,25
155,16,9,FALSE,16,65536,9,512,25,25
156,24,1,FALSE,24,16777216,1,2,25,25
157,24,1,FALSE,24,16777216,1,2,25,25
158,24,1,FALSE,24,16777216,1,2,25,25
159,24,1,FALSE,24,16777216,1,2,25,25
160,20,5,FALSE,20,1048576,5,32,25,25
161,24,1,FALSE,24,16777216,1,2,25,25
162,24,1,FALSE,24,16777216,1,2,25,25
163,24,1,FALSE,24,16777216,1,2,25,25
164,20,5,FALSE,20,1048576,5,32,25,25
165,24,1,FALSE,24,16777216,1,2,25,25
166,24,1,FALSE,24,16777216,1,2,25,25
167,24,1,FALSE,24,16777216,1,2,25,25
168,16,9,FALSE,16,65536,9,512,25,25
169,24,1,FALSE,24,16777216,1,2,25,25
170,20,5,FALSE,20,1048576,5,32,25,25
171,20,5,FALSE,20,1048576,5,32,25,25
172,24,1,FALSE,24,16777216,1,2,25,25
173,24,1,FALSE,24,16777216,1,2,25,25
174,24,1,FALSE,24,16777216,1,2,25,25
175,20,5,FALSE,20,1048576,5,32,25,25
176,16,9,FALSE,16,65536,9,512,25,25
177,16,9,FALSE,16,65536,9,512,25,25
178,20,5,FALSE,20,1048576,5,32,25,25
179,24,1,FALSE,24,16777216,1,2,25,25
180,16,9,FALSE,16,65536,9,512,25,25
181,24,1,FALSE,24,16777216,1,2,25,25
182,24,1,FALSE,24,16777216,1,2,25,25
183,24,1,FALSE,24,16777216,1,2,25,25
184,20,5,FALSE,20,1048576,5,32,25,25
185,24,1,FALSE,24,16777216,1,2,25,25
186,24,1,FALSE,24,16777216,1,2,25,25
187,24,1,FALSE,24,16777216,1,2,25,25
188,20,5,FALSE,20,1048576,5,32,25,25
189,24,1,FALSE,24,16777216,1,2,25,25
190,16,9,FALSE,16,65536,9,512,25,25
191,20,5,FALSE,20,1048576,5,32,25,25
192,24,1,FALSE,24,16777216,1,2,25,25
193,24,1,FALSE,24,16777216,1,2,25,25
194,16,9,FALSE,16,65536,9,512,25,25
195,24,1,FALSE,24,16777216,1,2,25,25
196,24,1,FALSE,24,16777216,1,2,25,25
197,24,1,FALSE,24,16777216,1,2,25,25
198,24,1,FALSE,24,16777216,1,2,25,25
199,16,9,FALSE,16,65536,9,512,25,25
200,24,1,FALSE,24,16777216,1,2,25,25
201,20,5,FALSE,20,1048576,5,32,25,25
202,24,1,FALSE,24,16777216,1,2,25,25
203,24,1,FALSE,24,16777216,1,2,25,25
204,24,1,FALSE,24,16777216,1,2,25,25
205,16,9,FALSE,16,65536,9,512,25,25
206,24,1,FALSE,24,16777216,1,2,25,25
207,24,1,FALSE,24,16777216,1,2,25,25
208,24,1,FALSE,24,16777216,1,2,25,25
209,24,1,FALSE,24,16777216,1,2,25,25
210,20,5,FALSE,20,1048576,5,32,25,25
211,20,5,FALSE,20,1048576,5,32,25,25
212,24,1,FALSE,24,16777216,1,2,25,25
213,24,1,FALSE,24,16777216,1,2,25,25
214,16,9,FALSE,16,65536,9,512,25,25
215,24,1,FALSE,24,16777216,1,2,25,25
216,20,5,FALSE,20,1048576,5,32,25,25
217,24,1,FALSE,24,16777216,1,2,25,25
218,20,5,FALSE,20,1048576,5,32,25,25
219,24,1,FALSE,24,16777216,1,2,25,25
220,24,1,FALSE,24,16777216,1,2,25,25
221,24,1,FALSE,24,16777216,1,2,25,25
222,20,5,FALSE,20,1048576,5,32,25,25
223,20,5,FALSE,20,1048576,5,32,25,25
224,24,1,FALSE,24,16777216,1,2,25,25
225,24,1,FALSE,24,16777216,1,2,25,25
226,24,1,FALSE,24,16777216,1,2,25,25
227,20,5,FALSE,20,1048576,5,32,25,25
228,24,1,FALSE,24,16777216,1,2,25,25
229,16,9,FALSE,16,65536,9,512,25,25
230,24,1,FALSE,24,16777216,1,2,25,25
231,16,9,FALSE,16,65536,9,512,25,25
232,24,1,FALSE,24,16777216,1,2,25,25
233,24,1,FALSE,24,16777216,1,2,25,25
234,24,1,FALSE,24,16777216,1,2,25,25
235,20,5,FALSE,20,1048576,5,32,25,25
236,24,1,FALSE,24,16777216,1,2,25,25
237,20,5,FALSE,20,1048576,5,32,25,25
238,24,1,FALSE,24,16777216,1,2,25,25
239,24,1,FALSE,24,16777216,1,2,25,25
240,24,1,FALSE,24,16777216,1,2,25,25
241,20,5,FALSE,20,1048576,5,32,25,25
242,16,9,FALSE,16,65536,9,512,25,25
243,20,5,FALSE,20,1048576,5,32,25,25
244,16,9,FALSE,16,65536,9,512,25,25
245,24,1,FALSE,24,16777216,1,2,25,25
246,24,1,FALSE,24,16777216,1,2,25,25
247,24,1,FALSE,24,16777216,1,2,25,25
248,20,5,FALSE,20,1048576,5,32,25,25
249,24,1,FALSE,24,16777216,1,2,25,25
250,24,1,FALSE,24,16777216,1,2,25,25
251,24,1,FALSE,24,16777216,1,2,25,25
252,24,1,FALSE,24,16777216,1,2,25,25
253,24,1,FALSE,24,16777216,1,2,25,25
254,24,1,FALSE,24,16777216,1,2,25,25
255,24,1,FALSE,24,16777216,1,2,25,25
256,24,1,FALSE,24,16777216,1,2,25,25
257,24,1,FALSE,24,16777216,1,2,25,25
258,20,5,FALSE,20,1048576,5,32,25,25
259,20,5,FALSE,20,1048576,5,32,25,25
260,16,9,FALSE,16,65536,9,512,25,25
261,24,1,FALSE,24,16777216,1,2,25,25
262,24,1,FALSE,24,16777216,1,2,25,25
263,24,1,FALSE,24,16777216,1,2,25,25
264,24,1,FALSE,24,16777216,1,2,25,25
265,24,1,FALSE,24,16777216,1,2,25,25
266,20,5,FALSE,20,1048576,5,32,25,25
267,24,1,FALSE,24,16777216,1,2,25,25
268,20,5,FALSE,20,1048576,5,32,25,25
269,24,1,FALSE,24,16777216,1,2,25,25
270,16,9,FALSE,16,65536,9,512,25,25
271,24,1,FALSE,24,16777216,1,2,25,25
272,24,1,FALSE,24,16777216,1,2,25,25
273,20,5,FALSE,20,1048576,5,32,25,25
274,24,1,FALSE,24,16777216,1,2,25,25
275,20,5,FALSE,20,1048576,5,32,25,25
276,24,1,FALSE,24,16777216,1,2,25,25
277,24,1,FALSE,24,16777216,1,2,25,25
278,20,5,FALSE,20,1048576,5,32,25,25
279,20,5,FALSE,20,1048576,5,32,25,25
280,24,1,FALSE,24,16777216,1,2,25,25
281,24,1,FALSE,24,16777216,1,2,25,25
282,24,1,FALSE,24,16777216,1,2,25,25
283,20,5,FALSE,20,1048576,5,32,25,25
284,20,5,FALSE,20,1048576,5,32,25,25
285,24,1,FALSE,24,16777216,1,2,25,25
286,16,9,FALSE,16,65536,9,512,25,25
287,24,1,FALSE,24,16777216,1,2,25,25
288,24,1,FALSE,24,16777216,1,2,25,25
289,24,1,FALSE,24,16777216,1,2,25,25
290,24,1,FALSE,24,16777216,1,2,25,25
291,16,9,FALSE,16,65536,9,512,25,25
292,24,1,FALSE,24,16777216,1,2,25,25
293,20,5,FALSE,20,1048576,5,32,25,25
294,24,1,FALSE,24,16777216,1,2,25,25
295,20,5,FALSE,20,1048576,5,32,25,25
296,16,9,FALSE,16,65536,9,512,25,25
297,24,1,FALSE,24,16777216,1,2,25,25
298,24,1,FALSE,24,16777216,1,2,25,25
299,24,1,FALSE,24,16777216,1,2,25,25
300,24,1,FALSE,24,16777216,1,2,25,25
301,24,1,FALSE,24,16777216,1,2,25,25
302,24,1,FALSE,24,16777216,1,2,25,25
303,20,5,FALSE,20,1048576,5,32,25,25
304,20,5,FALSE,20,1048576,5,32,25,25
305,24,1,FALSE,24,16777216,1,2,25,25
306,24,1,FALSE,24,16777216,1,2,25,25
307,24,1,FALSE,24,16777216,1,2,25,25
308,24,1,FALSE,24,16777216,1,2,25,25
309,20,5,FALSE,20,1048576,5,32,25,25
310,24,1,FALSE,24,16777216,1,2,25,25
311,24,1,FALSE,24,16777216,1,2,25,25
312,24,1,FALSE,24,16777216,1,2,25,25
313,24,1,FALSE,24,16777216,1,2,25,25
314,24,1,FALSE,24,16777216,1,2,25,25
315,24,1,FALSE,24,16777216,1,2,25,25
316,16,9,FALSE,16,65536,9,512,25,25
317,16,9,FALSE,16,65536,9,512,25,25
318,20,5,FALSE,20,1048576,5,32,25,25
319,24,1,FALSE,24,16777216,1,2,25,25
320,24,1,FALSE,24,16777216,1,2,25,25
321,24,1,FALSE,24,16777216,1,2,25,25
322,24,1,FALSE,24,16777216,1,2,25,25
323,24,1,FALSE,24,16777216,1,2,25,25
324,24,1,FALSE,24,16777216,1,2,25,25
325,21,4,FALSE,21,2097152,4,16,25,25
326,21,4,FALSE,21,2097152,4,16,25,25
327,25,0,TRUE,25,33554432,0,1,25,25
328,21,4,FALSE,21,2097152,4,16,25,25
329,21,4,FALSE,21,2097152,4,16,25,25
330,25,0,TRUE,25,33554432,0,1,25,25
331,25,0,TRUE,25,33554432,0,1,25,25
332,25,0,TRUE,25,33554432,0,1,25,25
333,21,4,FALSE,21,2097152,4,16,25,25
334,21,4,FALSE,21,2097152,4,16,25,25
335,25,0,TRUE,25,33554432,0,1,25,25
336,17,8,FALSE,17,131072,8,256,25,25
337,25,0,TRUE,25,33554432,0,1,25,25
338,25,0,TRUE,25,33554432,0,1,25,25
339,25,0,TRUE,25,33554432,0,1,25,25
340,25,0,TRUE,25,33554432,0,1,25,25
341,25,0,TRUE,25,33554432,0,1,25,25
342,25,0,TRUE,25,33554432,0,1,25,25
343,21,4,FALSE,21,2097152,4,16,25,25
344,25,0,TRUE,25,33554432,0,1,25,25
345,21,4,FALSE,21,2097152,4,16,25,25
346,21,4,FALSE,21,2097152,4,16,25,25
347,25,0,TRUE,25,33554432,0,1,25,25
348,21,4,FALSE,21,2097152,4,16,25,25
349,25,0,TRUE,25,33554432,0,1,25,25
350,25,0,TRUE,25,33554432,0,1,25,25
351,21,4,FALSE,21,2097152,4,16,25,25
352,21,4,FALSE,21,2097152,4,16,25,25
353,25,0,TRUE,25,33554432,0,1,25,25
354,25,0,TRUE,25,33554432,0,1,25,25
355,21,4,FALSE,21,2097152,4,16,25,25
356,25,0,TRUE,25,33554432,0,1,25,25
357,25,0,TRUE,25,33554432,0,1,25,25
358,25,0,TRUE,25,33554432,0,1,25,25
359,25,0,TRUE,25,33554432,0,1,25,25
360,17,8,FALSE,17,131072,8,256,25,25
361,25,0,TRUE,25,33554432,0,1,25,25
362,25,0,TRUE,25,33554432,0,1,25,25
363,25,0,TRUE,25,33554432,0,1,25,25
364,21,4,FALSE,21,2097152,4,16,25,25
365,21,4,FALSE,21,2097152,4,16,25,25
366,25,0,TRUE,25,33554432,0,1,25,25
367,25,0,TRUE,25,33554432,0,1,25,25
368,25,0,TRUE,25,33554432,0,1,25,25
369,21,4,FALSE,21,2097152,4,16,25,25
370,21,4,FALSE,21,2097152,4,16,25,25
371,25,0,TRUE,25,33554432,0,1,25,25
372,21,4,FALSE,21,2097152,4,16,25,25
373,21,4,FALSE,21,2097152,4,16,25,25
374,25,0,TRUE,25,33554432,0,1,25,25
375,25,0,TRUE,25,33554432,0,1,25,25
376,25,0,TRUE,25,33554432,0,1,25,25
377,25,0,TRUE,25,33554432,0,1,25,25
378,17,8,FALSE,17,131072,8,256,25,25
379,25,0,TRUE,25,33554432,0,1,25,25
380,21,4,FALSE,21,2097152,4,16,25,25
381,25,0,TRUE,25,33554432,0,1,25,25
382,25,0,TRUE,25,33554432,0,1,25,25
383,21,4,FALSE,21,2097152,4,16,25,25
384,25,0,TRUE,25,33554432,0,1,25,25
385,25,0,TRUE,25,33554432,0,1,25,25
386,25,0,TRUE,25,33554432,0,1,25,25
387,25,0,TRUE,25,33554432,0,1,25,25
388,25,0,TRUE,25,33554432,0,1,25,25
389,25,0,TRUE,25,33554432,0,1,25,25
390,25,0,TRUE,25,33554432,0,1,25,25
391,25,0,TRUE,25,33554432,0,1,25,25
392,25,0,TRUE,25,33554432,0,1,25,25
393,25,0,TRUE,25,33554432,0,1,25,25
394,21,4,FALSE,21,2097152,4,16,25,25
395,25,0,TRUE,25,33554432,0,1,25,25
396,21,4,FALSE,21,2097152,4,16,25,25
397,25,0,TRUE,25,33554432,0,1,25,25
398,17,8,FALSE,17,131072,8,256,25,25
399,25,0,TRUE,25,33554432,0,1,25,25
400,25,0,TRUE,25,33554432,0,1,25,25
401,21,4,FALSE,21,2097152,4,16,25,25
402,25,0,TRUE,25,33554432,0,1,25,25
403,25,0,TRUE,25,33554432,0,1,25,25
404,21,4,FALSE,21,2097152,4,16,25,25
405,25,0,TRUE,25,33554432,0,1,25,25
406,21,4,FALSE,21,2097152,4,16,25,25
407,25,0,TRUE,25,33554432,0,1,25,25
408,25,0,TRUE,25,33554432,0,1,25,25
409,25,0,TRUE,25,33554432,0,1,25,25
410,21,4,FALSE,21,2097152,4,16,25,25
411,25,0,TRUE,25,33554432,0,1,25,25
412,25,0,TRUE,25,33554432,0,1,25,25
413,21,4,FALSE,21,2097152,4,16,25,25
414,25,0,TRUE,25,33554432,0,1,25,25
415,25,0,TRUE,25,33554432,0,1,25,25
416,25,0,TRUE,25,33554432,0,1,25,25
417,25,0,TRUE,25,33554432,0,1,25,25
418,25,0,TRUE,25,33554432,0,1,25,25
419,25,0,TRUE,25,33554432,0,1,25,25
420,25,0,TRUE,25,33554432,0,1,25,25
421,21,4,FALSE,21,2097152,4,16,25,25
422,25,0,TRUE,25,33554432,0,1,25,25
423,25,0,TRUE,25,33554432,0,1,25,25
424,25,0,TRUE,25,33554432,0,1,25,25
425,21,4,FALSE,21,2097152,4,16,25,25
426,25,0,TRUE,25,33554432,0,1,25,25
427,21,4,FALSE,21,2097152,4,16,25,25
428,25,0,TRUE,25,33554432,0,1,25,25
429,25,0,TRUE,25,33554432,0,1,25,25
430,25,0,TRUE,25,33554432,0,1,25,25
431,21,4,FALSE,21,2097152,4,16,25,25
432,25,0,TRUE,25,33554432,0,1,25,25
433,25,0,TRUE,25,33554432,0,1,25,25
434,25,0,TRUE,25,33554432,0,1,25,25
435,25,0,TRUE,25,33554432,0,1,25,25
436,21,4,FALSE,21,2097152,4,16,25,25
437,25,0,TRUE,25,33554432,0,1,25,25
438,25,0,TRUE,25,33554432,0,1,25,25
439,25,0,TRUE,25,33554432,0,1,25,25
440,25,0,TRUE,25,33554432,0,1,25,25
441,21,4,FALSE,21,2097152,4,16,25,25
442,25,0,TRUE,25,33554432,0,1,25,25
443,25,0,TRUE,25,33554432,0,1,25,25
444,17,8,FALSE,17,131072,8,256,25,25
445,25,0,TRUE,25,33554432,0,1,25,25
446,21,4,FALSE,21,2097152,4,16,25,25
447,25,0,TRUE,25,33554432,0,1,25,25
448,25,0,TRUE,25,33554432,0,1,25,25
449,21,4,FALSE,21,2097152,4,16,25,25
450,25,0,TRUE,25,33554432,0,1,25,25
451,25,0,TRUE,25,33554432,0,1,25,25
452,25,0,TRUE,25,33554432,0,1,25,25
453,21,4,FALSE,21,2097152,4,16,25,25
454,21,4,FALSE,21,2097152,4,16,25,25
455,25,0,TRUE,25,33554432,0,1,25,25
456,21,4,FALSE,21,2097152,4,16,25,25
457,25,0,TRUE,25,33554432,0,1,25,25
458,25,0,TRUE,25,33554432,0,1,25,25
459,21,4,FALSE,21,2097152,4,16,25,25
460,25,0,TRUE,25,33554432,0,1,25,25
461,25,0,TRUE,25,33554432,0,1,25,25
462,25,0,TRUE,25,33554432,0,1,25,25
463,25,0,TRUE,25,33554432,0,1,25,25
464,25,0,TRUE,25,33554432,0,1,25,25
465,25,0,TRUE,25,33554432,0,1,25,25
466,25,0,TRUE,25,33554432,0,1,25,25
467,25,0,TRUE,25,33554432,0,1,25,25
468,21,4,FALSE,21,2097152,4,16,25,25
469,21,4,FALSE,21,2097152,4,16,25,25
470,25,0,TRUE,25,33554432,0,1,25,25
471,21,4,FALSE,21,2097152,4,16,25,25
472,25,0,TRUE,25,33554432,0,1,25,25
473,25,0,TRUE,25,33554432,0,1,25,25
474,25,0,TRUE,25,33554432,0,1,25,25
475,21,4,FALSE,21,2097152,4,16,25,25
476,25,0,TRUE,25,33554432,0,1,25,25
477,25,0,TRUE,25,33554432,0,1,25,25
478,21,4,FALSE,21,2097152,4,16,25,25
479,21,4,FALSE,21,2097152,4,16,25,25
480,25,0,TRUE,25,33554432,0,1,25,25
481,21,4,FALSE,21,2097152,4,16,25,25
482,25,0,TRUE,25,33554432,0,1,25,25
483,25,0,TRUE,25,33554432,0,1,25,25
484,25,0,TRUE,25,33554432,0,1,25,25
485,21,4,FALSE,21,2097152,4,16,25,25
486,21,4,FALSE,21,2097152,4,16,25,25
487,21,4,FALSE,21,2097152,4,16,25,25
488,25,0,TRUE,25,33554432,0,1,25,25
489,25,0,TRUE,25,33554432,0,1,25,25
490,25,0,TRUE,25,33554432,0,1,25,25
491,21,4,FALSE,21,2097152,4,16,25,25
492,25,0,TRUE,25,33554432,0,1,25,25
493,25,0,TRUE,25,33554432,0,1,25,25
494,25,0,TRUE,25,33554432,0,1,25,25
495,21,4,FALSE,21,2097152,4,16,25,25
496,25,0,TRUE,25,33554432,0,1,25,25
497,25,0,TRUE,25,33554432,0,1,25,25
498,25,0,TRUE,25,33554432,0,1,25,25
499,25,0,TRUE,25,33554432,0,1,25,25
500,21,4,FALSE,21,2097152,4,16,25,25
501,25,0,TRUE,25,33554432,0,1,25,25
502,25,0,TRUE,25,33554432,0,1,25,25
503,25,0,TRUE,25,33554432,0,1,25,25
504,21,4,FALSE,21,2097152,4,16,25,25
505,21,4,FALSE,21,2097152,4,16,25,25
506,25,0,TRUE,25,33554432,0,1,25,25
507,25,0,TRUE,25,33554432,0,1,25,25
508,21,4,FALSE,21,2097152,4,16,25,25
509,25,0,TRUE,25,33554432,0,1,25,25
510,25,0,TRUE,25,33554432,0,1,25,25
511,25,0,TRUE,25,33554432,0,1,25,25
512,25,0,TRUE,25,33554432,0,1,25,25
513,25,0,TRUE,25,33554432,0,1,25,25
514,25,0,TRUE,25,33554432,0,1,25,25
515,25,0,TRUE,25,33554432,0,1,25,25
516,25,0,TRUE,25,33554432,0,1,25,25
517,25,0,TRUE,25,33554432,0,1,25,25
518,25,0,TRUE,25,33554432,0,1,25,25
519,25,0,TRUE,25,33554432,0,1,25,25
520,25,0,TRUE,25,33554432,0,1,25,25
521,25,0,TRUE,25,33554432,0,1,25,25
522,25,0,TRUE,25,33554432,0,1,25,25
523,25,0,TRUE,25,33554432,0,1,25,25
524,25,0,TRUE,25,33554432,0,1,25,25
525,21,4,FALSE,21,2097152,4,16,25,25
526,25,0,TRUE,25,33554432,0,1,25,25
527,25,0,TRUE,25,33554432,0,1,25,25
528,21,4,FALSE,21,2097152,4,16,25,25
529,25,0,TRUE,25,33554432,0,1,25,25
530,21,4,FALSE,21,2097152,4,16,25,25
531,25,0,TRUE,25,33554432,0,1,25,25
532,25,0,TRUE,25,33554432,0,1,25,25
533,25,0,TRUE,25,33554432,0,1,25,25
534,21,4,FALSE,21,2097152,4,16,25,25
535,21,4,FALSE,21,2097152,4,16,25,25
536,25,0,TRUE,25,33554432,0,1,25,25
537,21,4,FALSE,21,2097152,4,16,25,25
538,25,0,TRUE,25,33554432,0,1,25,25
539,25,0,TRUE,25,33554432,0,1,25,25
540,25,0,TRUE,25,33554432,0,1,25,25
541,25,0,TRUE,25,33554432,0,1,25,25
542,25,0,TRUE,25,33554432,0,1,25,25
543,25,0,TRUE,25,33554432,0,1,25,25
544,25,0,TRUE,25,33554432,0,1,25,25
545,17,8,FALSE,17,131072,8,256,25,25
546,25,0,TRUE,25,33554432,0,1,25,25
547,21,4,FALSE,21,2097152,4,16,25,25
548,25,0,TRUE,25,33554432,0,1,25,25
549,25,0,TRUE,25,33554432,0,1,25,25
550,21,4,FALSE,21,2097152,4,16,25,25
551,25,0,TRUE,25,33554432,0,1,25,25
552,25,0,TRUE,25,33554432,0,1,25,25
553,21,4,FALSE,21,2097152,4,16,25,25
554,25,0,TRUE,25,33554432,0,1,25,25
555,25,0,TRUE,25,33554432,0,1,25,25
556,25,0,TRUE,25,33554432,0,1,25,25
557,17,8,FALSE,17,131072,8,256,25,25
558,25,0,TRUE,25,33554432,0,1,25,25
559,25,0,TRUE,25,33554432,0,1,25,25
560,21,4,FALSE,21,2097152,4,16,25,25
561,21,4,FALSE,21,2097152,4,16,25,25
562,25,0,TRUE,25,33554432,0,1,25,25
563,25,0,TRUE,25,33554432,0,1,25,25
564,21,4,FALSE,21,2097152,4,16,25,25
565,25,0,TRUE,25,33554432,0,1,25,25
566,21,4,FALSE,21,2097152,4,16,25,25
567,25,0,TRUE,25,33554432,0,1,25,25
568,25,0,TRUE,25,33554432,0,1,25,25
569,25,0,TRUE,25,33554432,0,1,25,25
570,17,8,FALSE,17,131072,8,256,25,25
571,21,4,FALSE,21,2097152,4,16,25,25
572,25,0,TRUE,25,33554432,0,1,25,25
573,25,0,TRUE,25,33554432,0,1,25,25
574,21,4,FALSE,21,2097152,4,16,25,25
575,21,4,FALSE,21,2097152,4,16,25,25
576,25,0,TRUE,25,33554432,0,1,25,25
577,17,8,FALSE,17,131072,8,256,25,25
578,25,0,TRUE,25,33554432,0,1,25,25
579,25,0,TRUE,25,33554432,0,1,25,25
580,25,0,TRUE,25,33554432,0,1,25,25
581,25,0,TRUE,25,33554432,0,1,25,25
582,25,0,TRUE,25,33554432,0,1,25,25
583,21,4,FALSE,21,2097152,4,16,25,25
584,21,4,FALSE,21,2097152,4,16,25,25
585,25,0,TRUE,25,33554432,0,1,25,25
586,25,0,TRUE,25,33554432,0,1,25,25
587,21,4,FALSE,21,2097152,4,16,25,25
588,25,0,TRUE,25,33554432,0,1,25,25
589,25,0,TRUE,25,33554432,0,1,25,25
590,21,4,FALSE,21,2097152,4,16,25,25
591,25,0,TRUE,25,33554432,0,1,25,25
592,25,0,TRUE,25,33554432,0,1,25,25
593,25,0,TRUE,25,33554432,0,1,25,25
594,25,0,TRUE,25,33554432,0,1,25,25
595,25,0,TRUE,25,33554432,0,1,25,25
596,17,8,FALSE,17,131072,8,256,25,25
597,25,0,TRUE,25,33554432,0,1,25,25
598,25,0,TRUE,25,33554432,0,1,25,25
599,21,4,FALSE,21,2097152,4,16,25,25
600,21,4,FALSE,21,2097152,4,16,25,25
601,25,0,TRUE,25,33554432,0,1,25,25
602,21,4,FALSE,21,2097152,4,16,25,25
603,25,0,TRUE,25,33554432,0,1,25,25
604,21,4,FALSE,21,2097152,4,16,25,25
605,25,0,TRUE,25,33554432,0,1,25,25
606,25,0,TRUE,25,33554432,0,1,25,25
607,25,0,TRUE,25,33554432,0,1,25,25
608,25,0,TRUE,25,33554432,0,1,25,25
609,25,0,TRUE,25,33554432,0,1,25,25
610,21,4,FALSE,21,2097152,4,16,25,25
611,25,0,TRUE,25,33554432,0,1,25,25
612,21,4,FALSE,21,2097152,4,16,25,25
613,25,0,TRUE,25,33554432,0,1,25,25
614,25,0,TRUE,25,33554432,0,1,25,25
615,25,0,TRUE,25,33554432,0,1,25,25
616,25,0,TRUE,25,33554432,0,1,25,25
617,25,0,TRUE,25,33554432,0,1,25,25
618,25,0,TRUE,25,33554432,0,1,25,25
619,21,4,FALSE,21,2097152,4,16,25,25
620,25,0,TRUE,25,33554432,0,1,25,25
621,25,0,TRUE,25,33554432,0,1,25,25
622,25,0,TRUE,25,33554432,0,1,25,25
623,25,0,TRUE,25,33554432,0,1,25,25
624,25,0,TRUE,25,33554432,0,1,25,25
625,25,0,TRUE,25,33554432,0,1,25,25
626,25,0,TRUE,25,33554432,0,1,25,25
627,25,0,TRUE,25,33554432,0,1,25,25
628,25,0,TRUE,25,33554432,0,1,25,25
629,25,0,TRUE,25,33554432,0,1,25,25
630,25,0,TRUE,25,33554432,0,1,25,25
631,25,0,TRUE,25,33554432,0,1,25,25
632,25,0,TRUE,25,33554432,0,1,25,25
633,25,0,TRUE,25,33554432,0,1,25,25
634,25,0,TRUE,25,33554432,0,1,25,25
635,25,0,TRUE,25,33554432,0,1,25,25
636,21,4,FALSE,21,2097152,4,16,25,25
637,21,4,FALSE,21,2097152,4,16,25,25
638,25,0,TRUE,25,33554432,0,1,25,25
639,25,0,TRUE,25,33554432,0,1,25,25
640,25,0,TRUE,25,33554432,0,1,25,25
641,25,0,TRUE,25,33554432,0,1,25,25
642,21,4,FALSE,21,2097152,4,16,25,25
643,25,0,TRUE,25,33554432,0,1,25,25
644,25,0,TRUE,25,33554432,0,1,25,25
645,25,0,TRUE,25,33554432,0,1,25,25
646,21,4,FALSE,21,2097152,4,16,25,25
647,25,0,TRUE,25,33554432,0,1,25,25
648,25,0,TRUE,25,33554432,0,1,25,25
649,25,0,TRUE,25,33554432,0,1,25,25
650,21,4,FALSE,21,2097152,4,16,25,25
651,25,0,TRUE,25,33554432,0,1,25,25
652,25,0,TRUE,25,33554432,0,1,25,25
653,25,0,TRUE,25,33554432,0,1,25,25
654,25,0,TRUE,25,33554432,0,1,25,25
655,25,0,TRUE,25,33554432,0,1,25,25
656,21,4,FALSE,21,2097152,4,16,25,25
657,25,0,TRUE,25,33554432,0,1,25,25
658,25,0,TRUE,25,33554432,0,1,25,25
659,25,0,TRUE,25,33554432,0,1,25,25
660,25,0,TRUE,25,33554432,0,1,25,25
661,25,0,TRUE,25,33554432,0,1,25,25
662,25,0,TRUE,25,33554432,0,1,25,25
663,21,4,FALSE,21,2097152,4,16,25,25
664,21,4,FALSE,21,2097152,4,16,25,25
665,25,0,TRUE,25,33554432,0,1,25,25
666,25,0,TRUE,25,33554432,0,1,25,25
667,21,4,FALSE,21,2097152,4,16,25,25
668,25,0,TRUE,25,33554432,0,1,25,25
669,25,0,TRUE,25,33554432,0,1,25,25
670,21,4,FALSE,21,2097152,4,16,25,25
671,25,0,TRUE,25,33554432,0,1,25,25
672,25,0,TRUE,25,33554432,0,1,25,25
673,21,4,FALSE,21,2097152,4,16,25,25
674,25,0,TRUE,25,33554432,0,1,25,25
675,21,4,FALSE,21,2097152,4,16,25,25
676,21,4,FALSE,21,2097152,4,16,25,25
677,25,0,TRUE,25,33554432,0,1,25,25
678,25,0,TRUE,25,33554432,0,1,25,25
679,21,4,FALSE,21,2097152,4,16,25,25
680,25,0,TRUE,25,33554432,0,1,25,25
681,21,4,FALSE,21,2097152,4,16,25,25
682,25,0,TRUE,25,33554432,0,1,25,25
683,25,0,TRUE,25,33554432,0,1,25,25
684,25,0,TRUE,25,33554432,0,1,25,25
685,25,0,TRUE,25,33554432,0,1,25,25
686,25,0,TRUE,25,33554432,0,1,25,25
687,25,0,TRUE,25,33554432,0,1,25,25
688,25,0,TRUE,25,33554432,0,1,25,25
689,25,0,TRUE,25,33554432,0,1,25,25
690,21,4,FALSE,21,2097152,4,16,25,25
691,25,0,TRUE,25,33554432,0,1,25,25
692,25,0,TRUE,25,33554432,0,1,25,25
693,21,4,FALSE,21,2097152,4,16,25,25
694,21,4,FALSE,21,2097152,4,16,25,25
695,25,0,TRUE,25,33554432,0,1,25,25
696,25,0,TRUE,25,33554432,0,1,25,25
697,25,0,TRUE,25,33554432,0,1,25,25
698,21,4,FALSE,21,2097152,4,16,25,25
699,25,0,TRUE,25,33554432,0,1,25,25
700,25,0,TRUE,25,33554432,0,1,25,25
701,25,0,TRUE,25,33554432,0,1,25,25
702,21,4,FALSE,21,2097152,4,16,25,25
703,25,0,TRUE,25,33554432,0,1,25,25
704,25,0,TRUE,25,33554432,0,1,25,25
705,25,0,TRUE,25,33554432,0,1,25,25
706,25,0,TRUE,25,33554432,0,1,25,25
707,25,0,TRUE,25,33554432,0,1,25,25
708,25,0,TRUE,25,33554432,0,1,25,25
709,25,0,TRUE,25,33554432,0,1,25,25
710,25,0,TRUE,25,33554432,0,1,25,25
711,25,0,TRUE,25,33554432,0,1,25,25
712,25,0,TRUE,25,33554432,0,1,25,25
713,25,0,TRUE,25,33554432,0,1,25,25
714,17,8,FALSE,17,131072,8,256,25,25
715,25,0,TRUE,25,33554432,0,1,25,25
716,25,0,TRUE,25,33554432,0,1,25,25
717,21,4,FALSE,21,2097152,4,16,25,25
718,25,0,TRUE,25,33554432,0,1,25,25
719,25,0,TRUE,25,33554432,0,1,25,25
720,17,8,FALSE,17,131072,8,256,25,25
721,25,0,TRUE,25,33554432,0,1,25,25
722,25,0,TRUE,25,33554432,0,1,25,25
723,25,0,TRUE,25,33554432,0,1,25,25
724,21,4,FALSE,21,2097152,4,16,25,25
725,21,4,FALSE,21,2097152,4,16,25,25
726,25,0,TRUE,25,33554432,0,1,25,25
727,25,0,TRUE,25,33554432,0,1,25,25
728,21,4,FALSE,21,2097152,4,16,25,25
729,25,0,TRUE,25,33554432,0,1,25,25
730,21,4,FALSE,21,2097152,4,16,25,25
731,25,0,TRUE,25,33554432,0,1,25,25
732,25,0,TRUE,25,33554432,0,1,25,25
733,25,0,TRUE,25,33554432,0,1,25,25
734,21,4,FALSE,21,2097152,4,16,25,25
735,25,0,TRUE,25,33554432,0,1,25,25
736,25,0,TRUE,25,33554432,0,1,25,25
737,21,4,FALSE,21,2097152,4,16,25,25
738,25,0,TRUE,25,33554432,0,1,25,25
739,25,0,TRUE,25,33554432,0,1,25,25
740,25,0,TRUE,25,33554432,0,1,25,25
741,25,0,TRUE,25,33554432,0,1,25,25
742,25,0,TRUE,25,33554432,0,1,25,25
743,25,0,TRUE,25,33554432,0,1,25,25
744,25,0,TRUE,25,33554432,0,1,25,25
745,21,4,FALSE,21,2097152,4,16,25,25
746,25,0,TRUE,25,33554432,0,1,25,25
747,25,0,TRUE,25,33554432,0,1,25,25
748,25,0,TRUE,25,33554432,0,1,25,25
749,25,0,TRUE,25,33554432,0,1,25,25
750,25,0,TRUE,25,33554432,0,1,25,25
751,25,0,TRUE,25,33554432,0,1,25,25
752,25,0,TRUE,25,33554432,0,1,25,25
753,25,0,TRUE,25,33554432,0,1,25,25
754,25,0,TRUE,25,33554432,0,1,25,25
755,25,0,TRUE,25,33554432,0,1,25,25
756,25,0,TRUE,25,33554432,0,1,25,25
757,25,0,TRUE,25,33554432,0,1,25,25
758,25,0,TRUE,25,33554432,0,1,25,25
759,25,0,TRUE,25,33554432,0,1,25,25
760,21,4,FALSE,21,2097152,4,16,25,25
761,25,0,TRUE,25,33554432,0,1,25,25
762,25,0,TRUE,25,33554432,0,1,25,25
763,25,0,TRUE,25,33554432,0,1,25,25
764,21,4,FALSE,21,2097152,4,16,25,25
765,25,0,TRUE,25,33554432,0,1,25,25
766,25,0,TRUE,25,33554432,0,1,25,25
767,25,0,TRUE,25,33554432,0,1,25,25
768,25,0,TRUE,25,33554432,0,1,25,25
769,21,4,FALSE,21,2097152,4,16,25,25
770,25,0,TRUE,25,33554432,0,1,25,25
771,25,0,TRUE,25,33554432,0,1,25,25
772,25,0,TRUE,25,33554432,0,1,25,25
773,25,0,TRUE,25,33554432,0,1,25,25
774,21,4,FALSE,21,2097152,4,16,25,25
775,25,0,TRUE,25,33554432,0,1,25,25
776,25,0,TRUE,25,33554432,0,1,25,25
777,25,0,TRUE,25,33554432,0,1,25,25
778,21,4,FALSE,21,2097152,4,16,25,25
779,25,0,TRUE,25,33554432,0,1,25,25
780,25,0,TRUE,25,33554432,0,1,25,25
781,25,0,TRUE,25,33554432,0,1,25,25
782,25,0,TRUE,25,33554432,0,1,25,25
783,21,4,FALSE,21,2097152,4,16,25,25
784,25,0,TRUE,25,33554432,0,1,25,25
785,25,0,TRUE,25,33554432,0,1,25,25
786,25,0,TRUE,25,33554432,0,1,25,25
787,25,0,TRUE,25,33554432,0,1,25,25
788,21,4,FALSE,21,2097152,4,16,25,25
789,25,0,TRUE,25,33554432,0,1,25,25
790,25,0,TRUE,25,33554432,0,1,25,25
791,21,4,FALSE,21,2097152,4,16,25,25
792,25,0,TRUE,25,33554432,0,1,25,25
793,25,0,TRUE,25,33554432,0,1,25,25
794,25,0,TRUE,25,33554432,0,1,25,25
795,25,0,TRUE,25,33554432,0,1,25,25
796,21,4,FALSE,21,2097152,4,16,25,25
797,25,0,TRUE,25,33554432,0,1,25,25
798,25,0,TRUE,25,33554432,0,1,25,25
799,21,4,FALSE,21,2097152,4,16,25,25
800,25,0,TRUE,25,33554432,0,1,25,25
801,21,4,FALSE,21,2097152,4,16,25,25
802,25,0,TRUE,25,33554432,0,1,25,25
803,21,4,FALSE,21,2097152,4,16,25,25
804,25,0,TRUE,25,33554432,0,1,25,25
805,25,0,TRUE,25,33554432,0,1,25,25
806,25,0,TRUE,25,33554432,0,1,25,25
807,25,0,TRUE,25,33554432,0,1,25,25
808,21,4,FALSE,21,2097152,4,16,25,25
809,21,4,FALSE,21,2097152,4,16,25,25
810,25,0,TRUE,25,33554432,0,1,25,25
811,21,4,FALSE,21,2097152,4,16,25,25
812,25,0,TRUE,25,33554432,0,1,25,25
813,25,0,TRUE,25,33554432,0,1,25,25
814,21,4,FALSE,21,2097152,4,16,25,25
815,25,0,TRUE,25,33554432,0,1,25,25
816,25,0,TRUE,25,33554432,0,1,25,25
817,25,0,TRUE,25,33554432,0,1,25,25
818,25,0,TRUE,25,33554432,0,1,25,25
819,25,0,TRUE,25,33554432,0,1,25,25
820,25,0,TRUE,25,33554432,0,1,25,25
821,25,0,TRUE,25,33554432,0,1,25,25
822,21,4,FALSE,21,2097152,4,16,25,25
823,25,0,TRUE,25,33554432,0,1,25,25
824,25,0,TRUE,25,33554432,0,1,25,25
825,25,0,TRUE,25,33554432,0,1,25,25
826,21,4,FALSE,21,2097152,4,16,25,25
827,21,4,FALSE,21,2097152,4,16,25,25
828,25,0,TRUE,25,33554432,0,1,25,25
829,21,4,FALSE,21,2097152,4,16,25,25
830,21,4,FALSE,21,2097152,4,16,25,25
831,25,0,TRUE,25,33554432,0,1,25,25
832,25,0,TRUE,25,33554432,0,1,25,25
833,25,0,TRUE,25,33554432,0,1,25,25
834,25,0,TRUE,25,33554432,0,1,25,25
835,25,0,TRUE,25,33554432,0,1,25,25
836,17,8,FALSE,17,131072,8,256,25,25
837,21,4,FALSE,21,2097152,4,16,25,25
838,25,0,TRUE,25,33554432,0,1,25,25
839,21,4,FALSE,21,2097152,4,16,25,25
840,25,0,TRUE,25,33554432,0,1,25,25
841,17,8,FALSE,17,131072,8,256,25,25
842,21,4,FALSE,21,2097152,4,16,25,25
843,25,0,TRUE,25,33554432,0,1,25,25
844,21,4,FALSE,21,2097152,4,16,25,25
845,25,0,TRUE,25,33554432,0,1,25,25
846,25,0,TRUE,25,33554432,0,1,25,25
847,25,0,TRUE,25,33554432,0,1,25,25
848,21,4,FALSE,21,2097152,4,16,25,25
849,21,4,FALSE,21,2097152,4,16,25,25
850,25,0,TRUE,25,33554432,0,1,25,25
851,25,0,TRUE,25,33554432,0,1,25,25
852,25,0,TRUE,25,33554432,0,1,25,25
853,25,0,TRUE,25,33554432,0,1,25,25
854,25,0,TRUE,25,33554432,0,1,25,25
855,25,0,TRUE,25,33554432,0,1,25,25
856,21,4,FALSE,21,2097152,4,16,25,25
857,25,0,TRUE,25,33554432,0,1,25,25
858,21,4,FALSE,21,2097152,4,16,25,25
859,21,4,FALSE,21,2097152,4,16,25,25
860,25,0,TRUE,25,33554432,0,1,25,25
861,25,0,TRUE,25,33554432,0,1,25,25
862,21,4,FALSE,21,2097152,4,16,25,25
863,21,4,FALSE,21,2097152,4,16,25,25
864,21,4,FALSE,21,2097152,4,16,25,25
865,21,4,FALSE,21,2097152,4,16,25,25
866,25,0,TRUE,25,33554432,0,1,25,25
867,25,0,TRUE,25,33554432,0,1,25,25
868,21,4,FALSE,21,2097152,4,16,25,25
869,25,0,TRUE,25,33554432,0,1,25,25
870,25,0,TRUE,25,33554432,0,1,25,25
871,25,0,TRUE,25,33554432,0,1,25,25
872,17,8,FALSE,17,131072,8,256,25,25
873,25,0,TRUE,25,33554432,0,1,25,25
874,21,4,FALSE,21,2097152,4,16,25,25
875,25,0,TRUE,25,33554432,0,1,25,25
876,25,0,TRUE,25,33554432,0,1,25,25
877,25,0,TRUE,25,33554432,0,1,25,25
878,21,4,FALSE,21,2097152,4,16,25,25
879,21,4,FALSE,21,2097152,4,16,25,25
880,21,4,FALSE,21,2097152,4,16,25,25
881,25,0,TRUE,25,33554432,0,1,25,25
882,21,4,FALSE,21,2097152,4,16,25,25
883,25,0,TRUE,25,33554432,0,1,25,25
884,25,0,TRUE,25,33554432,0,1,25,25
885,21,4,FALSE,21,2097152,4,16,25,25
886,25,0,TRUE,25,33554432,0,1,25,25
887,21,4,FALSE,21,2097152,4,16,25,25
888,17,8,FALSE,17,131072,8,256,25,25
889,25,0,TRUE,25,33554432,0,1,25,25
890,21,4,FALSE,21,2097152,4,16,25,25
891,25,0,TRUE,25,33554432,0,1,25,25
892,25,0,TRUE,25,33554432,0,1,25,25
893,21,4,FALSE,21,2097152,4,16,25,25
894,21,4,FALSE,21,2097152,4,16,25,25
895,25,0,TRUE,25,33554432,0,1,25,25
896,25,0,TRUE,25,33554432,0,1,25,25
897,25,0,TRUE,25,33554432,0,1,25,25
898,21,4,FALSE,21,2097152,4,16,25,25
899,21,4,FALSE,21,2097152,4,16,25,25
900,25,0,TRUE,25,33554432,0,1,25,25
901,21,4,FALSE,21,2097152,4,16,25,25
902,21,4,FALSE,21,2097152,4,16,25,25
903,25,0,TRUE,25,33554432,0,1,25,25
904,25,0,TRUE,25,33554432,0,1,25,25
905,25,0,TRUE,25,33554432,0,1,25,25
906,21,4,FALSE,21,2097152,4,16,25,25
907,21,4,FALSE,21,2097152,4,16,25,25
908,25,0,TRUE,25,33554432,0,1,25,25
909,21,4,FALSE,21,2097152,4,16,25,25
910,21,4,FALSE,21,2097152,4,16,25,25
911,25,0,TRUE,25,33554432,0,1,25,25
912,25,0,TRUE,25,33554432,0,1,25,25
913,21,4,FALSE,21,2097152,4,16,25,25
914,21,4,FALSE,21,2097152,4,16,25,25
915,25,0,TRUE,25,33554432,0,1,25,25
916,25,0,TRUE,25,33554432,0,1,25,25
917,21,4,FALSE,21,2097152,4,16,25,25
918,21,4,FALSE,21,2097152,4,16,25,25
919,5,20,FALSE,5,32,20,1048576,5,5
920,17,8,FALSE,17,131072,8,256,25,25
921,25,0,TRUE,25,33554432,0,1,25,25
922,25,0,TRUE,25,33554432,0,1,25,25
923,25,0,TRUE,25,33554432,0,1,25,25
924,25,0,TRUE,25,33554432,0,1,25,25
925,25,0,TRUE,25,33554432,0,1,25,25
926,25,0,TRUE,25,33554432,0,1,25,25
927,25,0,TRUE,25,33554432,0,1,25,25
928,25,0,TRUE,25,33554432,0,1,25,25
929,25,0,TRUE,25,33554432,0,1,25,25
930,25,0,TRUE,25,33554432,0,1,25,25
931,25,0,TRUE,25,33554432,0,1,25,25
932,25,0,TRUE,25,33554432,0,1,25,25
933,25,0,TRUE,25,33554432,0,1,25,25
934,25,0,TRUE,25,33554432,0,1,25,25
935,25,0,TRUE,25,33554432,0,1,25,25
936,25,0,TRUE,25,33554432,0,1,25,25
937,25,0,TRUE,25,33554432,0,1,25,25
938,25,0,TRUE,25,33554432,0,1,25,25
939,25,0,TRUE,25,33554432,0,1,25,25
940,25,0,TRUE,25,33554432,0,1,25,25
941,25,0,TRUE,25,33554432,0,1,25,25
942,25,0,TRUE,25,33554432,0,1,25,25
943,25,0,TRUE,25,33554432,0,1,25,25
944,25,0,TRUE,25,33554432,0,1,25,25
945,25,0,TRUE,25,33554432,0,1,25,25
946,25,0,TRUE,25,33554432,0,1,25,25
947,25,0,TRUE,25,33554432,0,1,25,25
948,21,4,FALSE,21,2097152,4,16,25,25
949,25,0,TRUE,25,33554432,0,1,25,25
950,21,4,FALSE,21,2097152,4,16,25,25
951,25,0,TRUE,25,33554432,0,1,25,25
952,25,0,TRUE,25,33554432,0,1,25,25
953,25,0,TRUE,25,33554432,0,1,25,25
954,25,0,TRUE,25,33554432,0,1,25,25
955,25,0,TRUE,25,33554432,0,1,25,25
956,25,0,TRUE,25,33554432,0,1,25,25
957,21,4,FALSE,21,2097152,4,16,25,25
958,25,0,TRUE,25,33554432,0,1,25,25
959,25,0,TRUE,25,33554432,0,1,25,25
960,21,4,FALSE,21,2097152,4,16,25,25
961,25,0,TRUE,25,33554432,0,1,25,25
962,25,0,TRUE,25,33554432,0,1,25,25
963,21,4,FALSE,21,2097152,4,16,25,25
964,21,4,FALSE,21,2097152,4,16,25,25
965,25,0,TRUE,25,33554432,0,1,25,25
966,25,0,TRUE,25,33554432,0,1,25,25
967,21,4,FALSE,21,2097152,4,16,25,25
968,21,4,FALSE,21,2097152,4,16,25,25
969,21,4,FALSE,21,2097152,4,16,25,25
970,21,4,FALSE,21,2097152,4,16,25,25
971,25,0,TRUE,25,33554432,0,1,25,25
972,25,0,TRUE,25,33554432,0,1,25,25
973,21,4,FALSE,21,2097152,4,16,25,25
974,21,4,FALSE,21,2097152,4,16,25,25
975,21,4,FALSE,21,2097152,4,16,25,25
976,17,8,FALSE,17,131072,8,256,25,25
977,21,4,FALSE,21,2097152,4,16,25,25
978,21,4,FALSE,21,2097152,4,16,25,25
979,21,4,FALSE,21,2097152,4,16,25,25
980,17,8,FALSE,17,131072,8,256,25,25
981,21,4,FALSE,21,2097152,4,16,25,25
982,17,8,FALSE,17,131072,8,256,25,25
983,21,4,FALSE,21,2097152,4,16,25,25
984,25,0,TRUE,25,33554432,0,1,25,25
985,25,0,TRUE,25,33554432,0,1,25,25
986,21,4,FALSE,21,2097152,4,16,25,25
987,21,4,FALSE,21,2097152,4,16,25,25
988,25,0,TRUE,25,33554432,0,1,25,25
989,21,4,FALSE,21,2097152,4,16,25,25
990,25,0,TRUE,25,33554432,0,1,25,25
991,25,0,TRUE,25,33554432,0,1,25,25
992,25,0,TRUE,25,33554432,0,1,25,25
993,21,4,FALSE,21,2097152,4,16,25,25
994,21,4,FALSE,21,2097152,4,16,25,25
995,25,0,TRUE,25,33554432,0,1,25,25
996,25,0,TRUE,25,33554432,0,1,25,25
997,25,0,TRUE,25,33554432,0,1,25,25
998,25,0,TRUE,25,33554432,0,1,25,25
999,21,4,FALSE,21,2097152,4,16,25,25
1000,25,0,TRUE,25,33554432,0,1,25,25
1001,25,0,TRUE,25,33554432,0,1,25,25
1002,25,0,TRUE,25,33554432,0,1,25,25
1003,25,0,TRUE,25,33554432,0,1,25,25
1004,21,4,FALSE,21,2097152,4,16,25,25
1005,25,0,TRUE,25,33554432,0,1,25,25
1006,25,0,TRUE,25,33554432,0,1,25,25
1007,25,0,TRUE,25,33554432,0,1,25,25
1008,21,4,FALSE,21,2097152,4,16,25,25
1009,25,0,TRUE,25,33554432,0,1,25,25
1010,25,0,TRUE,25,33554432,0,1,25,25
1011,25,0,TRUE,25,33554432,0,1,25,25
1012,21,4,FALSE,21,2097152,4,16,25,25
1013,17,8,FALSE,17,131072,8,256,25,25
1014,25,0,TRUE,25,33554432,0,1,25,25
1015,25,0,TRUE,25,33554432,0,1,25,25
1016,21,4,FALSE,21,2097152,4,16,25,25
1017,21,4,FALSE,21,2097152,4,16,25,25
1018,21,4,FALSE,21,2097152,4,16,25,25
1019,25,0,TRUE,25,33554432,0,1,25,25
1020,21,4,FALSE,21,2097152,4,16,25,25
1021,17,8,FALSE,17,131072,8,256,25,25
1022,21,4,FALSE,21,2097152,4,16,25,25
1023,17,8,FALSE,17,131072,8,256,25,25
1024,21,4,FALSE,21,2097152,4,16,25,25
1025,21,4,FALSE,21,2097152,4,16,25,25
1026,25,0,TRUE,25,33554432,0,1,25,25
1027,25,0,TRUE,25,33554432,0,1,25,25
1028,25,0,TRUE,25,33554432,0,1,25,25
1029,25,0,TRUE,25,33554432,0,1,25,25
1030,21,4,FALSE,21,2097152,4,16,25,25
1031,25,0,TRUE,25,33554432,0,1,25,25
1032,25,0,TRUE,25,33554432,0,1,25,25
1033,21,4,FALSE,21,2097152,4,16,25,25
1034,25,0,TRUE,25,33554432,0,1,25,25
1035,25,0,TRUE,25,33554432,0,1,25,25
1036,25,0,TRUE,25,33554432,0,1,25,25
1037,25,0,TRUE,25,33554432,0,1,25,25
1038,25,0,TRUE,25,33554432,0,1,25,25
1039,25,0,TRUE,25,33554432,0,1,25,25
1040,25,0,TRUE,25,33554432,0,1,25,25
1041,25,0,TRUE,25,33554432,0,1,25,25
1042,25,0,TRUE,25,33554432,0,1,25,25
1043,25,0,TRUE,25,33554432,0,1,25,25
1044,17,8,FALSE,17,131072,8,256,25,25
1045,21,4,FALSE,21,2097152,4,16,25,25
1046,25,0,TRUE,25,33554432,0,1,25,25
1047,17,8,FALSE,17,131072,8,256,25,25
1048,21,4,FALSE,21,2097152,4,16,25,25
1049,21,4,FALSE,21,2097152,4,16,25,25
1050,21,4,FALSE,21,2097152,4,16,25,25
1051,21,4,FALSE,21,2097152,4,16,25,25
1052,21,4,FALSE,21,2097152,4,16,25,25
1053,25,0,TRUE,25,33554432,0,1,25,25
1054,25,0,TRUE,25,33554432,0,1,25,25
1055,21,4,FALSE,21,2097152,4,16,25,25
1056,25,0,TRUE,25,33554432,0,1,25,25
1057,25,0,TRUE,25,33554432,0,1,25,25
1058,25,0,TRUE,25,33554432,0,1,25,25
1059,17,8,FALSE,17,131072,8,256,25,25
1060,25,0,TRUE,25,33554432,0,1,25,25
1061,25,0,TRUE,25,33554432,0,1,25,25
1062,25,0,TRUE,25,33554432,0,1,25,25
1063,25,0,TRUE,25,33554432,0,1,25,25
1064,25,0,TRUE,25,33554432,0,1,25,25
1065,25,0,TRUE,25,33554432,0,1,25,25
1066,25,0,TRUE,25,33554432,0,1,25,25
1067,25,0,TRUE,25,33554432,0,1,25,25
1068,25,0,TRUE,25,33554432,0,1,25,25
1069,25,0,TRUE,25,33554432,0,1,25,25
1070,25,0,TRUE,25,33554432,0,1,25,25
1071,25,0,TRUE,25,33554432,0,1,25,25
1072,25,0,TRUE,25,33554432,0,1,25,25
1073,21,4,FALSE,21,2097152,4,16,25,25
1074,25,0,TRUE,25,33554432,0,1,25,25
1075,25,0,TRUE,25,33554432,0,1,25,25
1076,25,0,TRUE,25,33554432,0,1,25,25
1077,21,4,FALSE,21,2097152,4,16,25,25
1078,25,0,TRUE,25,33554432,0,1,25,25
1079,25,0,TRUE,25,33554432,0,1,25,25
1080,17,8,FALSE,17,131072,8,256,25,25
1081,21,4,FALSE,21,2097152,4,16,25,25
1082,25,0,TRUE,25,33554432,0,1,25,25
1083,25,0,TRUE,25,33554432,0,1,25,25
1084,25,0,TRUE,25,33554432,0,1,25,25
1085,25,0,TRUE,25,33554432,0,1,25,25
1086,21,4,FALSE,21,2097152,4,16,25,25
1087,21,4,FALSE,21,2097152,4,16,25,25
1088,25,0,TRUE,25,33554432,0,1,25,25
1089,25,0,TRUE,25,33554432,0,1,25,25
1090,25,0,TRUE,25,33554432,0,1,25,25
1091,25,0,TRUE,25,33554432,0,1,25,25
1092,21,4,FALSE,21,2097152,4,16,25,25
1093,25,0,TRUE,25,33554432,0,1,25,25
1094,25,0,TRUE,25,33554432,0,1,25,25
1095,25,0,TRUE,25,33554432,0,1,25,25
1096,25,0,TRUE,25,33554432,0,1,25,25
1097,21,4,FALSE,21,2097152,4,16,25,25
1098,25,0,TRUE,25,33554432,0,1,25,25
1099,21,4,FALSE,21,2097152,4,16,25,25
1100,25,0,TRUE,25,33554432,0,1,25,25
1101,25,0,TRUE,25,33554432,0,1,25,25
1102,25,0,TRUE,25,33554432,0,1,25,25
1103,25,0,TRUE,25,33554432,0,1,25,25
1104,25,0,TRUE,25,33554432,0,1,25,25
1105,21,4,FALSE,21,2097152,4,16,25,25
1106,25,0,TRUE,25,33554432,0,1,25,25
1107,21,4,FALSE,21,2097152,4,16,25,25
1108,25,0,TRUE,25,33554432,0,1,25,25
1109,25,0,TRUE,25,33554432,0,1,25,25
1110,25,0,TRUE,25,33554432,0,1,25,25
1111,25,0,TRUE,25,33554432,0,1,25,25
1112,25,0,TRUE,25,33554432,0,1,25,25
1113,21,4,FALSE,21,2097152,4,16,25,25
1114,25,0,TRUE,25,33554432,0,1,25,25
1115,21,4,FALSE,21,2097152,4,16,25,25
1116,25,0,TRUE,25,33554432,0,1,25,25
1117,25,0,TRUE,25,33554432,0,1,25,25
1118,17,8,FALSE,17,131072,8,256,25,25
1119,25,0,TRUE,25,33554432,0,1,25,25
1120,21,4,FALSE,21,2097152,4,16,25,25
1121,25,0,TRUE,25,33554432,0,1,25,25
1122,21,4,FALSE,21,2097152,4,16,25,25
1123,25,0,TRUE,25,33554432,0,1,25,25
1124,25,0,TRUE,25,33554432,0,1,25,25
1125,21,4,FALSE,21,2097152,4,16,25,25
1126,21,4,FALSE,21,2097152,4,16,25,25
1127,25,0,TRUE,25,33554432,0,1,25,25
1128,25,0,TRUE,25,33554432,0,1,25,25
1129,25,0,TRUE,25,33554432,0,1,25,25
1130,25,0,TRUE,25,33554432,0,1,25,25
1131,25,0,TRUE,25,33554432,0,1,25,25
1132,25,0,TRUE,25,33554432,0,1,25,25
1133,25,0,TRUE,25,33554432,0,1,25,25
1134,25,0,TRUE,25,33554432,0,1,25,25
1135,25,0,TRUE,25,33554432,0,1,25,25
1136,25,0,TRUE,25,33554432,0,1,25,25
1137,25,0,TRUE,25,33554432,0,1,25,25
1138,25,0,TRUE,25,33554432,0,1,25,25
1139,25,0,TRUE,25,33554432,0,1,25,25
1140,25,0,TRUE,25,33554432,0,1,25,25
1141,25,0,TRUE,25,33554432,0,1,25,25
1142,17,8,FALSE,17,131072,8,256,25,25
1143,25,0,TRUE,25,33554432,0,1,25,25
1144,25,0,TRUE,25,33554432,0,1,25,25
1145,21,4,FALSE,21,2097152,4,16,25,25
1146,25,0,TRUE,25,33554432,0,1,25,25
1147,21,4,FALSE,21,2097152,4,16,25,25
1148,25,0,TRUE,25,33554432,0,1,25,25
1149,25,0,TRUE,25,33554432,0,1,25,25
1150,25,0,TRUE,25,33554432,0,1,25,25
1151,25,0,TRUE,25,33554432,0,1,25,25
1152,21,4,FALSE,21,2097152,4,16,25,25
1153,21,4,FALSE,21,2097152,4,16,25,25
1154,25,0,TRUE,25,33554432,0,1,25,25
1155,25,0,TRUE,25,33554432,0,1,25,25
1156,25,0,TRUE,25,33554432,0,1,25,25
1157,21,4,FALSE,21,2097152,4,16,25,25
1158,25,0,TRUE,25,33554432,0,1,25,25
1159,25,0,TRUE,25,33554432,0,1,25,25
1160,25,0,TRUE,25,33554432,0,1,25,25
1161,25,0,TRUE,25,33554432,0,1,25,25
1162,21,4,FALSE,21,2097152,4,16,25,25
1163,21,4,FALSE,21,2097152,4,16,25,25
1164,25,0,TRUE,25,33554432,0,1,25,25
1165,25,0,TRUE,25,33554432,0,1,25,25
1166,21,4,FALSE,21,2097152,4,16,25,25
1167,21,4,FALSE,21,2097152,4,16,25,25
1168,25,0,TRUE,25,33554432,0,1,25,25
1169,25,0,TRUE,25,33554432,0,1,25,25
1170,21,4,FALSE,21,2097152,4,16,25,25
1171,21,4,FALSE,21,2097152,4,16,25,25
1172,25,0,TRUE,25,33554432,0,1,25,25
1173,21,4,FALSE,21,2097152,4,16,25,25
1174,21,4,FALSE,21,2097152,4,16,25,25
1175,21,4,FALSE,21,2097152,4,16,25,25
1176,25,0,TRUE,25,33554432,0,1,25,25
1177,25,0,TRUE,25,33554432,0,1,25,25
1178,25,0,TRUE,25,33554432,0,1,25,25
1179,25,0,TRUE,25,33554432,0,1,25,25
1180,25,0,TRUE,25,33554432,0,1,25,25
1181,21,4,FALSE,21,2097152,4,16,25,25
1182,21,4,FALSE,21,2097152,4,16,25,25
1183,25,0,TRUE,25,33554432,0,1,25,25
1184,25,0,TRUE,25,33554432,0,1,25,25
1185,25,0,TRUE,25,33554432,0,1,25,25
1186,25,0,TRUE,25,33554432,0,1,25,25
1187,25,0,TRUE,25,33554432,0,1,25,25
1188,21,4,FALSE,21,2097152,4,16,25,25
1189,25,0,TRUE,25,33554432,0,1,25,25
1190,21,4,FALSE,21,2097152,4,16,25,25
1191,21,4,FALSE,21,2097152,4,16,25,25
1192,25,0,TRUE,25,33554432,0,1,25,25
1193,25,0,TRUE,25,33554432,0,1,25,25
1194,21,4,FALSE,21,2097152,4,16,25,25
1195,25,0,TRUE,25,33554432,0,1,25,25
1196,21,4,FALSE,21,2097152,4,16,25,25
1197,21,4,FALSE,21,2097152,4,16,25,25
1198,25,0,TRUE,25,33554432,0,1,25,25
1199,25,0,TRUE,25,33554432,0,1,25,25
1200,25,0,TRUE,25,33554432,0,1,25,25
1201,21,4,FALSE,21,2097152,4,16,25,25
1202,21,4,FALSE,21,2097152,4,16,25,25
1203,25,0,TRUE,25,33554432,0,1,25,25
1204,25,0,TRUE,25,33554432,0,1,25,25
1205,25,0,TRUE,25,33554432,0,1,25,25
1206,21,4,FALSE,21,2097152,4,16,25,25
1207,25,0,TRUE,25,33554432,0,1,25,25
1208,25,0,TRUE,25,33554432,0,1,25,25
1209,25,0,TRUE,25,33554432,0,1,25,25
1210,25,0,TRUE,25,33554432,0,1,25,25
1211,25,0,TRUE,25,33554432,0,1,25,25
1212,25,0,TRUE,25,33554432,0,1,25,25
1213,25,0,TRUE,25,33554432,0,1,25,25
1214,25,0,TRUE,25,33554432,0,1,25,25
1215,25,0,TRUE,25,33554432,0,1,25,25
1216,25,0,TRUE,25,33554432,0,1,25,25
1217,17,8,FALSE,17,131072,8,256,25,25
1218,25,0,TRUE,25,33554432,0,1,25,25
1219,25,0,TRUE,25,33554432,0,1,25,25
1220,21,4,FALSE,21,2097152,4,16,25,25
1221,21,4,FALSE,21,2097152,4,16,25,25
1222,25,0,TRUE,25,33554432,0,1,25,25
1223,25,0,TRUE,25,33554432,0,1,25,25
1224,17,8,FALSE,17,131072,8,256,25,25
1225,21,4,FALSE,21,2097152,4,16,25,25
1226,25,0,TRUE,25,33554432,0,1,25,25
1227,25,0,TRUE,25,33554432,0,1,25,25
1228,25,0,TRUE,25,33554432,0,1,25,25
1229,21,4,FALSE,21,2097152,4,16,25,25
1230,21,4,FALSE,21,2097152,4,16,25,25
1231,25,0,TRUE,25,33554432,0,1,25,25
1232,25,0,TRUE,25,33554432,0,1,25,25
1233,25,0,TRUE,25,33554432,0,1,25,25
1234,25,0,TRUE,25,33554432,0,1,25,25
1235,25,0,TRUE,25,33554432,0,1,25,25
1236,25,0,TRUE,25,33554432,0,1,25,25
1237,21,4,FALSE,21,2097152,4,16,25,25
1238,25,0,TRUE,25,33554432,0,1,25,25
1239,25,0,TRUE,25,33554432,0,1,25,25
1240,25,0,TRUE,25,33554432,0,1,25,25
1241,21,4,FALSE,21,2097152,4,16,25,25
1242,25,0,TRUE,25,33554432,0,1,25,25
1243,25,0,TRUE,25,33554432,0,1,25,25
1244,21,4,FALSE,21,2097152,4,16,25,25
1245,25,0,TRUE,25,33554432,0,1,25,25
1246,25,0,TRUE,25,33554432,0,1,25,25
1247,25,0,TRUE,25,33554432,0,1,25,25
1248,25,0,TRUE,25,33554432,0,1,25,25
1249,25,0,TRUE,25,33554432,0,1,25,25
1250,25,0,TRUE,25,33554432,0,1,25,25
1251,25,0,TRUE,25,33554432,0,1,25,25
1252,25,0,TRUE,25,33554432,0,1,25,25
1253,25,0,TRUE,25,33554432,0,1,25,25
1254,25,0,TRUE,25,33554432,0,1,25,25
1255,21,4,FALSE,21,2097152,4,16,25,25
1256,21,4,FALSE,21,2097152,4,16,25,25
1257,25,0,TRUE,25,33554432,0,1,25,25
1258,21,4,FALSE,21,2097152,4,16,25,25
1259,25,0,TRUE,25,33554432,0,1,25,25
1260,21,4,FALSE,21,2097152,4,16,25,25
1261,21,4,FALSE,21,2097152,4,16,25,25
1262,25,0,TRUE,25,33554432,0,1,25,25
1263,25,0,TRUE,25,33554432,0,1,25,25
1264,25,0,TRUE,25,33554432,0,1,25,25
1265,21,4,FALSE,21,2097152,4,16,25,25
1266,25,0,TRUE,25,33554432,0,1,25,25
1267,25,0,TRUE,25,33554432,0,1,25,25
1268,25,0,TRUE,25,33554432,0,1,25,25
1269,25,0,TRUE,25,33554432,0,1,25,25
1270,21,4,FALSE,21,2097152,4,16,25,25
1271,25,0,TRUE,25,33554432,0,1,25,25
1272,25,0,TRUE,25,33554432,0,1,25,25
1273,25,0,TRUE,25,33554432,0,1,25,25
1274,21,4,FALSE,21,2097152,4,16,25,25
1275,25,0,TRUE,25,33554432,0,1,25,25
1276,21,4,FALSE,21,2097152,4,16,25,25
1277,25,0,TRUE,25,33554432,0,1,25,25
1278,25,0,TRUE,25,33554432,0,1,25,25
1279,21,4,FALSE,21,2097152,4,16,25,25
1280,25,0,TRUE,25,33554432,0,1,25,25
1281,25,0,TRUE,25,33554432,0,1,25,25
1282,25,0,TRUE,25,33554432,0,1,25,25
1283,25,0,TRUE,25,33554432,0,1,25,25
1284,25,0,TRUE,25,33554432,0,1,25,25
1285,21,4,FALSE,21,2097152,4,16,25,25
1286,25,0,TRUE,25,33554432,0,1,25,25
1287,17,8,FALSE,17,131072,8,256,25,25
1288,25,0,TRUE,25,33554432,0,1,25,25
1289,25,0,TRUE,25,33554432,0,1,25,25
1290,25,0,TRUE,25,33554432,0,1,25,25
1291,25,0,TRUE,25,33554432,0,1,25,25
1292,25,0,TRUE,25,33554432,0,1,25,25
1293,25,0,TRUE,25,33554432,0,1,25,25
1294,25,0,TRUE,25,33554432,0,1,25,25
1295,25,0,TRUE,25,33554432,0,1,25,25
1296,25,0,TRUE,25,33554432,0,1,25,25
1297,25,0,TRUE,25,33554432,0,1,25,25
1298,25,0,TRUE,25,33554432,0,1,25,25
1299,25,0,TRUE,25,33554432,0,1,25,25
1300,25,0,TRUE,25,33554432,0,1,25,25
1301,25,0,TRUE,25,33554432,0,1,25,25
1302,25,0,TRUE,25,33554432,0,1,25,25
1303,25,0,TRUE,25,33554432,0,1,25,25
1304,25,0,TRUE,25,33554432,0,1,25,25
1305,25,0,TRUE,25,33554432,0,1,25,25
1306,25,0,TRUE,25,33554432,0,1,25,25
1307,17,8,FALSE,17,131072,8,256,25,25
1308,25,0,TRUE,25,33554432,0,1,25,25
1309,21,4,FALSE,21,2097152,4,16,25,25
1310,21,4,FALSE,21,2097152,4,16,25,25
1311,25,0,TRUE,25,33554432,0,1,25,25
1312,25,0,TRUE,25,33554432,0,1,25,25
1313,21,4,FALSE,21,2097152,4,16,25,25
1314,25,0,TRUE,25,33554432,0,1,25,25
1315,21,4,FALSE,21,2097152,4,16,25,25
1316,25,0,TRUE,25,33554432,0,1,25,25
1317,21,4,FALSE,21,2097152,4,16,25,25
1318,25,0,TRUE,25,33554432,0,1,25,25
1319,21,4,FALSE,21,2097152,4,16,25,25
1320,21,4,FALSE,21,2097152,4,16,25,25
1321,25,0,TRUE,25,33554432,0,1,25,25
1322,21,4,FALSE,21,2097152,4,16,25,25
1323,21,4,FALSE,21,2097152,4,16,25,25
1324,25,0,TRUE,25,33554432,0,1,25,25
1325,25,0,TRUE,25,33554432,0,1,25,25
1326,21,4,FALSE,21,2097152,4,16,25,25
1327,25,0,TRUE,25,33554432,0,1,25,25
1328,25,0,TRUE,25,33554432,0,1,25,25
1329,21,4,FALSE,21,2097152,4,16,25,25
1330,21,4,FALSE,21,2097152,4,16,25,25
1331,21,4,FALSE,21,2097152,4,16,25,25
1332,21,4,FALSE,21,2097152,4,16,25,25
1333,17,8,FALSE,17,131072,8,256,25,25
1334,25,0,TRUE,25,33554432,0,1,25,25
1335,17,8,FALSE,17,131072,8,256,25,25
1336,25,0,TRUE,25,33554432,0,1,25,25
1337,21,4,FALSE,21,2097152,4,16,25,25
1338,21,4,FALSE,21,2097152,4,16,25,25
1339,25,0,TRUE,25,33554432,0,1,25,25
1340,25,0,TRUE,25,33554432,0,1,25,25
1341,25,0,TRUE,25,33554432,0,1,25,25
1342,21,4,FALSE,21,2097152,4,16,25,25
1343,21,4,FALSE,21,2097152,4,16,25,25
1344,25,0,TRUE,25,33554432,0,1,25,25
1345,21,4,FALSE,21,2097152,4,16,25,25
1346,25,0,TRUE,25,33554432,0,1,25,25
1347,25,0,TRUE,25,33554432,0,1,25,25
1348,25,0,TRUE,25,33554432,0,1,25,25
1349,25,0,TRUE,25,33554432,0,1,25,25
1350,25,0,TRUE,25,33554432,0,1,25,25
1351,25,0,TRUE,25,33554432,0,1,25,25
1352,25,0,TRUE,25,33554432,0,1,25,25
1353,25,0,TRUE,25,33554432,0,1,25,25
1354,25,0,TRUE,25,33554432,0,1,25,25
1355,25,0,TRUE,25,33554432,0,1,25,25
1356,25,0,TRUE,25,33554432,0,1,25,25
1357,25,0,TRUE,25,33554432,0,1,25,25
1358,25,0,TRUE,25,33554432,0,1,25,25
1359,25,0,TRUE,25,33554432,0,1,25,25
1360,25,0,TRUE,25,33554432,0,1,25,25
1361,25,0,TRUE,25,33554432,0,1,25,25
1362,21,4,FALSE,21,2097152,4,16,25,25
1363,25,0,TRUE,25,33554432,0,1,25,25
1364,21,4,FALSE,21,2097152,4,16,25,25
1365,21,4,FALSE,21,2097152,4,16,25,25
1366,25,0,TRUE,25,33554432,0,1,25,25
1367,25,0,TRUE,25,33554432,0,1,25,25
1368,25,0,TRUE,25,33554432,0,1,25,25
1369,25,0,TRUE,25,33554432,0,1,25,25
1370,21,4,FALSE,21,2097152,4,16,25,25
1371,25,0,TRUE,25,33554432,0,1,25,25
1372,25,0,TRUE,25,33554432,0,1,25,25
1373,25,0,TRUE,25,33554432,0,1,25,25
1374,25,0,TRUE,25,33554432,0,1,25,25
1375,25,0,TRUE,25,33554432,0,1,25,25
1376,25,0,TRUE,25,33554432,0,1,25,25
1377,25,0,TRUE,25,33554432,0,1,25,25
1378,25,0,TRUE,25,33554432,0,1,25,25
1379,25,0,TRUE,25,33554432,0,1,25,25
1380,25,0,TRUE,25,33554432,0,1,25,25
1381,21,4,FALSE,21,2097152,4,16,25,25
1382,21,4,FALSE,21,2097152,4,16,25,25
1383,25,0,TRUE,25,33554432,0,1,25,25
1384,21,4,FALSE,21,2097152,4,16,25,25
1385,21,4,FALSE,21,2097152,4,16,25,25
1386,25,0,TRUE,25,33554432,0,1,25,25
1387,25,0,TRUE,25,33554432,0,1,25,25
1388,21,4,FALSE,21,2097152,4,16,25,25
1389,25,0,TRUE,25,33554432,0,1,25,25
1390,21,4,FALSE,21,2097152,4,16,25,25
1391,25,0,TRUE,25,33554432,0,1,25,25
1392,21,4,FALSE,21,2097152,4,16,25,25
1393,25,0,TRUE,25,33554432,0,1,25,25
1394,25,0,TRUE,25,33554432,0,1,25,25
1395,25,0,TRUE,25,33554432,0,1,25,25
1396,25,0,TRUE,25,33554432,0,1,25,25
1397,25,0,TRUE,25,33554432,0,1,25,25
1398,25,0,TRUE,25,33554432,0,1,25,25
1399,25,0,TRUE,25,33554432,0,1,25,25
1400,25,0,TRUE,25,33554432,0,1,25,25
1401,25,0,TRUE,25,33554432,0,1,25,25
1402,25,0,TRUE,25,33554432,0,1,25,25
1403,21,4,FALSE,21,2097152,4,16,25,25
1404,25,0,TRUE,25,33554432,0,1,25,25
1405,25,0,TRUE,25,33554432,0,1,25,25
1406,25,0,TRUE,25,33554432,0,1,25,25
1407,21,4,FALSE,21,2097152,4,16,25,25
1408,25,0,TRUE,25,33554432,0,1,25,25
1409,25,0,TRUE,25,33554432,0,1,25,25
1410,21,4,FALSE,21,2097152,4,16,25,25
1411,21,4,FALSE,21,2097152,4,16,25,25
1412,25,0,TRUE,25,33554432,0,1,25,25
1413,21,4,FALSE,21,2097152,4,16,25,25
1414,25,0,TRUE,25,33554432,0,1,25,25
1415,21,4,FALSE,21,2097152,4,16,25,25
1416,21,4,FALSE,21,2097152,4,16,25,25
1417,21,4,FALSE,21,2097152,4,16,25,25
1418,25,0,TRUE,25,33554432,0,1,25,25
1419,25,0,TRUE,25,33554432,0,1,25,25
1420,21,4,FALSE,21,2097152,4,16,25,25
1421,21,4,FALSE,21,2097152,4,16,25,25
1422,21,4,FALSE,21,2097152,4,16,25,25
1423,25,0,TRUE,25,33554432,0,1,25,25
1424,21,4,FALSE,21,2097152,4,16,25,25
1425,21,4,FALSE,21,2097152,4,16,25,25
1426,17,8,FALSE,17,131072,8,256,25,25
1427,21,4,FALSE,21,2097152,4,16,25,25
1428,21,4,FALSE,21,2097152,4,16,25,25
1429,25,0,TRUE,25,33554432,0,1,25,25
1430,25,0,TRUE,25,33554432,0,1,25,25
1431,25,0,TRUE,25,33554432,0,1,25,25
1432,25,0,TRUE,25,33554432,0,1,25,25
1433,25,0,TRUE,25,33554432,0,1,25,25
1434,25,0,TRUE,25,33554432,0,1,25,25
1435,25,0,TRUE,25,33554432,0,1,25,25
1436,25,0,TRUE,25,33554432,0,1,25,25
1437,25,0,TRUE,25,33554432,0,1,25,25
1438,25,0,TRUE,25,33554432,0,1,25,25
1439,25,0,TRUE,25,33554432,0,1,25,25
1440,25,0,TRUE,25,33554432,0,1,25,25
1441,21,4,FALSE,21,2097152,4,16,25,25
1442,25,0,TRUE,25,33554432,0,1,25,25
1443,21,4,FALSE,21,2097152,4,16,25,25
1444,21,4,FALSE,21,2097152,4,16,25,25
1445,25,0,TRUE,25,33554432,0,1,25,25
1446,25,0,TRUE,25,33554432,0,1,25,25
1447,25,0,TRUE,25,33554432,0,1,25,25
1448,25,0,TRUE,25,33554432,0,1,25,25
1449,21,4,FALSE,21,2097152,4,16,25,25
1450,21,4,FALSE,21,2097152,4,16,25,25
1451,25,0,TRUE,25,33554432,0,1,25,25
1452,21,4,FALSE,21,2097152,4,16,25,25
1453,25,0,TRUE,25,33554432,0,1,25,25
1454,25,0,TRUE,25,33554432,0,1,25,25
1455,21,4,FALSE,21,2097152,4,16,25,25
1456,25,0,TRUE,25,33554432,0,1,25,25
1457,25,0,TRUE,25,33554432,0,1,25,25
1458,21,4,FALSE,21,2097152,4,16,25,25
1459,25,0,TRUE,25,33554432,0,1,25,25
1460,25,0,TRUE,25,33554432,0,1,25,25
1461,21,4,FALSE,21,2097152,4,16,25,25
1462,25,0,TRUE,25,33554432,0,1,25,25
1463,25,0,TRUE,25,33554432,0,1,25,25
1464,25,0,TRUE,25,33554432,0,1,25,25
1465,25,0,TRUE,25,33554432,0,1,25,25
1466,25,0,TRUE,25,33554432,0,1,25,25
1467,25,0,TRUE,25,33554432,0,1,25,25
1468,21,4,FALSE,21,2097152,4,16,25,25
1469,25,0,TRUE,25,33554432,0,1,25,25
1470,25,0,TRUE,25,33554432,0,1,25,25
1471,25,0,TRUE,25,33554432,0,1,25,25
1472,25,0,TRUE,25,33554432,0,1,25,25
1473,25,0,TRUE,25,33554432,0,1,25,25
1474,21,4,FALSE,21,2097152,4,16,25,25
1475,21,4,FALSE,21,2097152,4,16,25,25
1476,25,0,TRUE,25,33554432,0,1,25,25
1477,25,0,TRUE,25,33554432,0,1,25,25
1478,21,4,FALSE,21,2097152,4,16,25,25
1479,25,0,TRUE,25,33554432,0,1,25,25
1480,25,0,TRUE,25,33554432,0,1,25,25
1481,25,0,TRUE,25,33554432,0,1,25,25
1482,25,0,TRUE,25,33554432,0,1,25,25
1483,25,0,TRUE,25,33554432,0,1,25,25
1484,25,0,TRUE,25,33554432,0,1,25,25
1485,25,0,TRUE,25,33554432,0,1,25,25
1486,25,0,TRUE,25,33554432,0,1,25,25
1487,21,4,FALSE,21,2097152,4,16,25,25
1488,25,0,TRUE,25,33554432,0,1,25,25
1489,21,4,FALSE,21,2097152,4,16,25,25
1490,21,4,FALSE,21,2097152,4,16,25,25
1491,25,0,TRUE,25,33554432,0,1,25,25
1492,25,0,TRUE,25,33554432,0,1,25,25
1493,25,0,TRUE,25,33554432,0,1,25,25
1494,21,4,FALSE,21,2097152,4,16,25,25
1495,21,4,FALSE,21,2097152,4,16,25,25
1496,25,0,TRUE,25,33554432,0,1,25,25
1497,21,4,FALSE,21,2097152,4,16,25,25
1498,21,4,FALSE,21,2097152,4,16,25,25
1499,21,4,FALSE,21,2097152,4,16,25,25
1500,17,8,FALSE,17,131072,8,256,25,25
1501,21,4,FALSE,21,2097152,4,16,25,25
1502,17,8,FALSE,17,131072,8,256,25,25
1503,17,8,FALSE,17,131072,8,256,25,25
1504,21,4,FALSE,21,2097152,4,16,25,25
1505,21,4,FALSE,21,2097152,4,16,25,25
1506,25,0,TRUE,25,33554432,0,1,25,25
1507,21,4,FALSE,21,2097152,4,16,25,25
1508,25,0,TRUE,25,33554432,0,1,25,25
1509,21,4,FALSE,21,2097152,4,16,25,25
1510,25,0,TRUE,25,33554432,0,1,25,25
1511,21,4,FALSE,21,2097152,4,16,25,25
1512,25,0,TRUE,25,33554432,0,1,25,25
1513,25,0,TRUE,25,33554432,0,1,25,25
1514,21,4,FALSE,21,2097152,4,16,25,25
1515,25,0,TRUE,25,33554432,0,1,25,25
1516,25,0,TRUE,25,33554432,0,1,25,25
1517,21,4,FALSE,21,2097152,4,16,25,25
1518,25,0,TRUE,25,33554432,0,1,25,25
1519,25,0,TRUE,25,33554432,0,1,25,25
1520,25,0,TRUE,25,33554432,0,1,25,25
1521,25,0,TRUE,25,33554432,0,1,25,25
1522,21,4,FALSE,21,2097152,4,16,25,25
1523,25,0,TRUE,25,33554432,0,1,25,25
1524,25,0,TRUE,25,33554432,0,1,25,25
1525,25,0,TRUE,25,33554432,0,1,25,25
1526,25,0,TRUE,25,33554432,0,1,25,25
1527,25,0,TRUE,25,33554432,0,1,25,25
1528,25,0,TRUE,25,33554432,0,1,25,25
1529,25,0,TRUE,25,33554432,0,1,25,25
1530,25,0,TRUE,25,33554432,0,1,25,25
1531,25,0,TRUE,25,33554432,0,1,25,25
1532,21,4,FALSE,21,2097152,4,16,25,25
1533,25,0,TRUE,25,33554432,0,1,25,25
1534,25,0,TRUE,25,33554432,0,1,25,25
1535,25,0,TRUE,25,33554432,0,1,25,25
1536,25,0,TRUE,25,33554432,0,1,25,25
1537,25,0,TRUE,25,33554432,0,1,25,25
1538,25,0,TRUE,25,33554432,0,1,25,25
1539,25,0,TRUE,25,33554432,0,1,25,25
1540,25,0,TRUE,25,33554432,0,1,25,25
1541,21,4,FALSE,21,2097152,4,16,25,25
1542,21,4,FALSE,21,2097152,4,16,25,25
1543,21,4,FALSE,21,2097152,4,16,25,25
1544,21,4,FALSE,21,2097152,4,16,25,25
1545,25,0,TRUE,25,33554432,0,1,25,25
1546,25,0,TRUE,25,33554432,0,1,25,25
1547,21,4,FALSE,21,2097152,4,16,25,25
1548,17,8,FALSE,17,131072,8,256,25,25
1549,25,0,TRUE,25,33554432,0,1,25,25
1550,17,8,FALSE,17,131072,8,256,25,25
1551,21,4,FALSE,21,2097152,4,16,25,25
1552,21,4,FALSE,21,2097152,4,16,25,25
1553,21,4,FALSE,21,2097152,4,16,25,25
1554,25,0,TRUE,25,33554432,0,1,25,25
1555,25,0,TRUE,25,33554432,0,1,25,25
1556,25,0,TRUE,25,33554432,0,1,25,25
1557,25,0,TRUE,25,33554432,0,1,25,25
1558,21,4,FALSE,21,2097152,4,16,25,25
1559,25,0,TRUE,25,33554432,0,1,25,25
1560,25,0,TRUE,25,33554432,0,1,25,25
1561,21,4,FALSE,21,2097152,4,16,25,25
1562,25,0,TRUE,25,33554432,0,1,25,25
1563,21,4,FALSE,21,2097152,4,16,25,25
1564,5,20,FALSE,5,32,20,1048576,5,5
1565,25,0,TRUE,25,33554432,0,1,25,25
1566,17,8,FALSE,17,131072,8,256,25,25
1567,21,4,FALSE,21,2097152,4,16,25,25
1568,21,4,FALSE,21,2097152,4,16,25,25
1569,21,4,FALSE,21,2097152,4,16,25,25
1570,25,0,TRUE,25,33554432,0,1,25,25
1571,21,4,FALSE,21,2097152,4,16,25,25
1572,25,0,TRUE,25,33554432,0,1,25,25
1573,25,0,TRUE,25,33554432,0,1,25,25
1574,17,8,FALSE,17,131072,8,256,25,25
1575,25,0,TRUE,25,33554432,0,1,25,25
1576,25,0,TRUE,25,33554432,0,1,25,25
1577,21,4,FALSE,21,2097152,4,16,25,25
1578,25,0,TRUE,25,33554432,0,1,25,25
1579,25,0,TRUE,25,33554432,0,1,25,25
1580,25,0,TRUE,25,33554432,0,1,25,25
1581,25,0,TRUE,25,33554432,0,1,25,25
1582,25,0,TRUE,25,33554432,0,1,25,25
1583,25,0,TRUE,25,33554432,0,1,25,25
1584,25,0,TRUE,25,33554432,0,1,25,25
1585,21,4,FALSE,21,2097152,4,16,25,25
1586,21,4,FALSE,21,2097152,4,16,25,25
1587,25,0,TRUE,25,33554432,0,1,25,25
1588,25,0,TRUE,25,33554432,0,1,25,25
1589,17,8,FALSE,17,131072,8,256,25,25
1590,25,0,TRUE,25,33554432,0,1,25,25
1591,25,0,TRUE,25,33554432,0,1,25,25
1592,25,0,TRUE,25,33554432,0,1,25,25
1593,25,0,TRUE,25,33554432,0,1,25,25
1594,25,0,TRUE,25,33554432,0,1,25,25
1595,25,0,TRUE,25,33554432,0,1,25,25
1596,25,0,TRUE,25,33554432,0,1,25,25
1597,25,0,TRUE,25,33554432,0,1,25,25
1598,25,0,TRUE,25,33554432,0,1,25,25
1599,21,4,FALSE,21,2097152,4,16,25,25
1600,21,4,FALSE,21,2097152,4,16,25,25
1601,25,0,TRUE,25,33554432,0,1,25,25
1602,25,0,TRUE,25,33554432,0,1,25,25
1603,25,0,TRUE,25,33554432,0,1,25,25
1604,25,0,TRUE,25,33554432,0,1,25,25
1605,17,8,FALSE,17,131072,8,256,25,25
1606,21,4,FALSE,21,2097152,4,16,25,25
1607,25,0,TRUE,25,33554432,0,1,25,25
1608,25,0,TRUE,25,33554432,0,1,25,25
1609,25,0,TRUE,25,33554432,0,1,25,25
1610,17,8,FALSE,17,131072,8,256,25,25
1611,25,0,TRUE,25,33554432,0,1,25,25
1612,25,0,TRUE,25,33554432,0,1,25,25
1613,25,0,TRUE,25,33554432,0,1,25,25
1614,21,4,FALSE,21,2097152,4,16,25,25
1615,25,0,TRUE,25,33554432,0,1,25,25
1616,21,4,FALSE,21,2097152,4,16,25,25
1617,25,0,TRUE,25,33554432,0,1,25,25
1618,25,0,TRUE,25,33554432,0,1,25,25
1619,25,0,TRUE,25,33554432,0,1,25,25
1620,25,0,TRUE,25,33554432,0,1,25,25
1621,21,4,FALSE,21,2097152,4,16,25,25
1622,25,0,TRUE,25,33554432,0,1,25,25
1623,25,0,TRUE,25,33554432,0,1,25,25
1624,25,0,TRUE,25,33554432,0,1,25,25
1625,21,4,FALSE,21,2097152,4,16,25,25
1626,25,0,TRUE,25,33554432,0,1,25,25
1627,25,0,TRUE,25,33554432,0,1,25,25
1628,25,0,TRUE,25,33554432,0,1,25,25
1629,25,0,TRUE,25,33554432,0,1,25,25
1630,21,4,FALSE,21,2097152,4,16,25,25
1631,25,0,TRUE,25,33554432,0,1,25,25
1632,25,0,TRUE,25,33554432,0,1,25,25
1633,25,0,TRUE,25,33554432,0,1,25,25
1634,21,4,FALSE,21,2097152,4,16,25,25
1635,21,4,FALSE,21,2097152,4,16,25,25
1636,25,0,TRUE,25,33554432,0,1,25,25
1637,25,0,TRUE,25,33554432,0,1,25,25
1638,21,4,FALSE,21,2097152,4,16,25,25
1639,25,0,TRUE,25,33554432,0,1,25,25
1640,17,8,FALSE,17,131072,8,256,25,25
1641,21,4,FALSE,21,2097152,4,16,25,25
1642,21,4,FALSE,21,2097152,4,16,25,25
1643,25,0,TRUE,25,33554432,0,1,25,25
1644,25,0,TRUE,25,33554432,0,1,25,25
1645,25,0,TRUE,25,33554432,0,1,25,25
1646,21,4,FALSE,21,2097152,4,16,25,25
1647,25,0,TRUE,25,33554432,0,1,25,25
1648,21,4,FALSE,21,2097152,4,16,25,25
1649,21,4,FALSE,21,2097152,4,16,25,25
1650,25,0,TRUE,25,33554432,0,1,25,25
1651,21,4,FALSE,21,2097152,4,16,25,25
1652,25,0,TRUE,25,33554432,0,1,25,25
1653,25,0,TRUE,25,33554432,0,1,25,25
1654,25,0,TRUE,25,33554432,0,1,25,25
1655,21,4,FALSE,21,2097152,4,16,25,25
1656,25,0,TRUE,25,33554432,0,1,25,25
1657,25,0,TRUE,25,33554432,0,1,25,25
1658,25,0,TRUE,25,33554432,0,1,25,25
1659,25,0,TRUE,25,33554432,0,1,25,25
1660,25,0,TRUE,25,33554432,0,1,25,25
1661,21,4,FALSE,21,2097152,4,16,25,25
1662,25,0,TRUE,25,33554432,0,1,25,25
1663,25,0,TRUE,25,33554432,0,1,25,25
1664,25,0,TRUE,25,33554432,0,1,25,25
1665,25,0,TRUE,25,33554432,0,1,25,25
1666,25,0,TRUE,25,33554432,0,1,25,25
1667,25,0,TRUE,25,33554432,0,1,25,25
1668,25,0,TRUE,25,33554432,0,1,25,25
1669,21,4,FALSE,21,2097152,4,16,25,25
1670,25,0,TRUE,25,33554432,0,1,25,25
1671,25,0,TRUE,25,33554432,0,1,25,25
1672,21,4,FALSE,21,2097152,4,16,25,25
1673,25,0,TRUE,25,33554432,0,1,25,25
1674,21,4,FALSE,21,2097152,4,16,25,25
1675,25,0,TRUE,25,33554432,0,1,25,25
1676,21,4,FALSE,21,2097152,4,16,25,25
1677,17,8,FALSE,17,131072,8,256,25,25
1678,21,4,FALSE,21,2097152,4,16,25,25
1679,21,4,FALSE,21,2097152,4,16,25,25
1680,25,0,TRUE,25,33554432,0,1,25,25
1681,21,4,FALSE,21,2097152,4,16,25,25
1682,25,0,TRUE,25,33554432,0,1,25,25
1683,21,4,FALSE,21,2097152,4,16,25,25
1684,25,0,TRUE,25,33554432,0,1,25,25
1685,21,4,FALSE,21,2097152,4,16,25,25
1686,21,4,FALSE,21,2097152,4,16,25,25
1687,25,0,TRUE,25,33554432,0,1,25,25
1688,21,4,FALSE,21,2097152,4,16,25,25
1689,21,4,FALSE,21,2097152,4,16,25,25
1690,25,0,TRUE,25,33554432,0,1,25,25
1691,5,20,FALSE,5,32,20,1048576,5,5
1692,21,4,FALSE,21,2097152,4,16,25,25
1693,25,0,TRUE,25,33554432,0,1,25,25
1694,25,0,TRUE,25,33554432,0,1,25,25
1695,17,8,FALSE,17,131072,8,256,25,25
1696,21,4,FALSE,21,2097152,4,16,25,25
1697,25,0,TRUE,25,33554432,0,1,25,25
1698,17,8,FALSE,17,131072,8,256,25,25
1699,25,0,TRUE,25,33554432,0,1,25,25
1700,25,0,TRUE,25,33554432,0,1,25,25
1701,17,8,FALSE,17,131072,8,256,25,25
1702,25,0,TRUE,25,33554432,0,1,25,25
1703,21,4,FALSE,21,2097152,4,16,25,25
1704,21,4,FALSE,21,2097152,4,16,25,25
1705,25,0,TRUE,25,33554432,0,1,25,25
1706,21,4,FALSE,21,2097152,4,16,25,25
1707,25,0,TRUE,25,33554432,0,1,25,25
1708,25,0,TRUE,25,33554432,0,1,25,25
1709,25,0,TRUE,25,33554432,0,1,25,25
1710,21,4,FALSE,21,2097152,4,16,25,25
1711,25,0,TRUE,25,33554432,0,1,25,25
1712,25,0,TRUE,25,33554432,0,1,25,25
1713,17,8,FALSE,17,131072,8,256,25,25
1714,17,8,FALSE,17,131072,8,256,25,25
1715,17,8,FALSE,17,131072,8,256,25,25
